2025-08-01 12:13:05,627 - config.config - INFO - JWT payload decoded successfully: {'id': '68881cd1bbf442dd994bde20', 'email': 'patel.hetas@northeastern.edu', 'username': 'patel.hetas', 'name': 'Het Patel', 'service': 'presbot', 'purpose': 'external_service', 'iat': 1754064785, 'exp': 1754065085, 'aud': 'presbot', 'iss': 'dash-portal'}
2025-08-01 12:13:05,641 - config.config - INFO - User authenticated successfully: patel.hetas@northeastern.edu
2025-08-01 12:13:10,787 - config.config - INFO - JWT payload decoded successfully: {'id': '68881cd1bbf442dd994bde20', 'email': 'patel.hetas@northeastern.edu', 'username': 'patel.hetas', 'name': 'Het Patel', 'service': 'presbot', 'purpose': 'external_service', 'iat': 1754064790, 'exp': 1754065090, 'aud': 'presbot', 'iss': 'dash-portal'}
2025-08-01 12:13:10,788 - config.config - INFO - User authenticated successfully: patel.hetas@northeastern.edu
2025-08-01 12:13:30,150 - config.config - INFO - JWT payload decoded successfully: {'id': '68881cd1bbf442dd994bde20', 'email': 'patel.hetas@northeastern.edu', 'username': 'patel.hetas', 'name': 'Het Patel', 'service': 'presbot', 'purpose': 'external_service', 'iat': 1754064810, 'exp': 1754065110, 'aud': 'presbot', 'iss': 'dash-portal'}
2025-08-01 12:13:30,151 - config.config - INFO - User authenticated successfully: patel.hetas@northeastern.edu
2025-08-01 12:15:44,788 - config.config - INFO - JWT payload decoded successfully: {'id': '68881cd1bbf442dd994bde20', 'email': 'patel.hetas@northeastern.edu', 'username': 'patel.hetas', 'name': 'Het Patel', 'service': 'presbot', 'purpose': 'external_service', 'iat': 1754064944, 'exp': 1754065244, 'aud': 'presbot', 'iss': 'dash-portal'}
2025-08-01 12:15:44,794 - config.config - INFO - User authenticated successfully: patel.hetas@northeastern.edu
2025-08-01 12:16:19,675 - faster_whisper - INFO - Processing audio with duration 01:06.900
2025-08-01 12:16:20,042 - faster_whisper - INFO - Detected language 'en' with probability 0.99
2025-08-01 12:21:27,961 - faster_whisper - INFO - Processing audio with duration 01:06.900
2025-08-01 12:21:28,118 - faster_whisper - INFO - Detected language 'en' with probability 0.99
2025-08-01 12:22:26,158 - faster_whisper - INFO - Processing audio with duration 01:06.900
2025-08-01 12:22:26,311 - faster_whisper - INFO - Detected language 'en' with probability 0.99
2025-08-01 12:23:42,087 - faster_whisper - INFO - Processing audio with duration 01:06.900
2025-08-01 12:23:42,366 - faster_whisper - INFO - Detected language 'en' with probability 0.99
2025-08-01 12:41:33,262 - config.config - INFO - JWT payload decoded successfully: {'id': '68881cd1bbf442dd994bde20', 'email': 'patel.hetas@northeastern.edu', 'username': 'patel.hetas', 'name': 'Het Patel', 'service': 'presbot', 'purpose': 'external_service', 'iat': 1754066493, 'exp': 1754066793, 'aud': 'presbot', 'iss': 'dash-portal'}
2025-08-01 12:41:33,269 - config.config - INFO - User authenticated successfully: patel.hetas@northeastern.edu
2025-08-01 12:41:53,845 - faster_whisper - INFO - Processing audio with duration 01:06.900
2025-08-01 12:41:54,167 - faster_whisper - INFO - Detected language 'en' with probability 0.99
2025-08-01 13:00:00,040 - config.config - INFO - JWT payload decoded successfully: {'id': '68881cd1bbf442dd994bde20', 'email': 'patel.hetas@northeastern.edu', 'username': 'patel.hetas', 'name': 'Het Patel', 'service': 'presbot', 'purpose': 'external_service', 'iat': 1754067599, 'exp': 1754067899, 'aud': 'presbot', 'iss': 'dash-portal'}
2025-08-01 13:00:00,041 - config.config - INFO - User authenticated successfully: patel.hetas@northeastern.edu
2025-08-01 13:00:16,432 - faster_whisper - INFO - Processing audio with duration 01:06.900
2025-08-01 13:00:16,551 - faster_whisper - INFO - Detected language 'en' with probability 0.99
2025-08-01 13:04:36,714 - faster_whisper - INFO - Processing audio with duration 01:06.900
2025-08-01 13:04:36,902 - faster_whisper - INFO - Detected language 'en' with probability 0.99
2025-08-01 13:10:54,356 - faster_whisper - INFO - Processing audio with duration 01:06.900
2025-08-01 13:10:54,496 - faster_whisper - INFO - Detected language 'en' with probability 0.99
2025-08-01 13:18:36,944 - faster_whisper - INFO - Processing audio with duration 01:06.900
2025-08-01 13:18:37,090 - faster_whisper - INFO - Detected language 'en' with probability 0.99
2025-08-01 13:22:18,036 - faster_whisper - INFO - Processing audio with duration 01:06.900
2025-08-01 13:22:18,175 - faster_whisper - INFO - Detected language 'en' with probability 0.99
2025-08-01 13:26:26,959 - faster_whisper - INFO - Processing audio with duration 01:06.900
2025-08-01 13:26:27,142 - faster_whisper - INFO - Detected language 'en' with probability 0.99
2025-08-01 13:39:23,934 - faster_whisper - INFO - Processing audio with duration 01:06.900
2025-08-01 13:39:24,093 - faster_whisper - INFO - Detected language 'en' with probability 0.99
2025-08-01 13:44:35,093 - faster_whisper - INFO - Processing audio with duration 01:06.900
2025-08-01 13:44:35,253 - faster_whisper - INFO - Detected language 'en' with probability 0.99
2025-08-01 13:49:26,282 - faster_whisper - INFO - Processing audio with duration 01:06.900
2025-08-01 13:49:26,442 - faster_whisper - INFO - Detected language 'en' with probability 0.99
2025-08-01 13:52:28,342 - faster_whisper - INFO - Processing audio with duration 01:06.900
2025-08-01 13:52:28,731 - faster_whisper - INFO - Detected language 'en' with probability 0.99
2025-08-01 14:01:36,293 - faster_whisper - INFO - Processing audio with duration 01:06.900
2025-08-01 14:01:36,462 - faster_whisper - INFO - Detected language 'en' with probability 0.99
2025-08-01 14:04:23,688 - config.config - INFO - JWT payload decoded successfully: {'id': '688a3d35efb247c59bd5a5ea', 'email': 'corriea.k@northeastern.edu', 'username': 'corriea.k', 'name': 'Kris Elias Corriea', 'service': 'presbot', 'purpose': 'external_service', 'iat': 1754071463, 'exp': 1754071763, 'aud': 'presbot', 'iss': 'dash-portal'}
2025-08-01 14:04:23,689 - config.config - INFO - User authenticated successfully: corriea.k@northeastern.edu
2025-08-01 14:05:32,970 - faster_whisper - INFO - Processing audio with duration 00:15.678
2025-08-01 14:05:33,113 - faster_whisper - INFO - Detected language 'en' with probability 0.96
2025-08-01 14:07:34,134 - faster_whisper - INFO - Processing audio with duration 01:06.900
2025-08-01 14:07:34,290 - faster_whisper - INFO - Detected language 'en' with probability 0.99
2025-08-01 14:08:04,032 - config.config - INFO - === CLONE REQUEST STARTED ===
2025-08-01 14:08:04,160 - config.config - INFO - Original audio - duration: 15.68 seconds
2025-08-01 14:08:04,160 - config.config - INFO - Original audio - sample_rate: 48000Hz
2025-08-01 14:08:04,444 - config.config - INFO - Best 12s segment - duration: 12.00 seconds
2025-08-01 14:08:04,444 - config.config - INFO - Best 12s segment - energy: 4238.00
2025-08-01 14:08:04,445 - config.config - INFO - Transcribing 12-second clipped audio with Whisper...
2025-08-01 14:08:04,674 - faster_whisper - INFO - Processing audio with duration 00:12.000
2025-08-01 14:08:04,784 - faster_whisper - INFO - Detected language 'en' with probability 0.93
2025-08-01 14:08:05,250 - config.config - INFO - Whisper transcription of 12s clip: ' hey guys my name is Sunil a very good morning to one and all and I pursued my bachelor's degree from University of Mumbai and I'm in Boston doing my'
2025-08-01 14:08:05,250 - config.config - INFO - Original provided ref_text (ignored): 'Hey guys, my name is Sunil. A very good morning to one and all. I pursued my bachelor's degree from the University of Mumbai. And I'm in Boston, doing my master's degree in business analytics from Northeastern University. . I'm excited to be here today to share my experiences and insights with you all. . My journey to becoming a business analytics professional has been quite a ride, and I'm looking forward to taking you through it with you. . Let's get started!'
2025-08-01 14:08:05,250 - config.config - INFO - Note: Using transcription of 12s clip instead of provided ref_text
2025-08-01 14:08:05,250 - config.config - INFO - === F5-TTS COMMAND EXECUTION ===
2025-08-01 14:08:05,250 - config.config - INFO - Command: python3 src/f5_tts/infer/infer_cli.py --gen_text Hey guys, my name is Sunil. A very good morning to one and all. I pursued my bachelor's degree from the University of Mumbai. And I'm in Boston, doing my master's degree in business analytics from Northeastern University. . I'm excited to be here today to share my experiences and insights with you all. . My journey to becoming a business analytics professional has been quite a ride, and I'm looking forward to taking you through it with you. . Let's get started! --ref_audio /tmp/tmpio410iow_ref.wav --ref_text /tmp/tmpxhxjge85_ref.txt --output_dir /tmp --output_file tmpnn3znro7_clone.wav --speed 1.0 --nfe_step 32 --cross_fade_duration 0.15
2025-08-01 14:08:05,250 - config.config - INFO - Expected output path: /tmp/tmpnn3znro7_clone.wav
2025-08-01 14:08:05,250 - config.config - INFO - Expected output duration: 37.45s
2025-08-01 14:08:20,163 - config.config - INFO - F5-TTS execution completed successfully
2025-08-01 14:08:20,164 - config.config - INFO - Generated audio - duration: 35.56 seconds
2025-08-01 14:08:20,164 - config.config - INFO - Generated audio - sample_rate: 24000Hz
2025-08-01 14:08:20,164 - config.config - INFO - Duration difference from expected: -1.89s
2025-08-01 14:08:20,187 - config.config - INFO - === CLONE REQUEST COMPLETED SUCCESSFULLY ===
2025-08-01 14:08:20,187 - config.config - INFO - Clone uploaded to MinIO: http://129.10.157.87:9000/presbotclone/688a3d35efb247c59bd5a5ea/clones/sanil_pitch_57151f9f-4304-4e83-b3a2-cf67cd03cba8.wav
2025-08-01 14:08:20,187 - config.config - INFO - Clone ID: 688d02942808fb59ac92c541
2025-08-01 14:11:53,957 - config.config - INFO - === CLONE REQUEST STARTED ===
2025-08-01 14:11:54,087 - config.config - INFO - Original audio - duration: 15.68 seconds
2025-08-01 14:11:54,087 - config.config - INFO - Original audio - sample_rate: 48000Hz
2025-08-01 14:11:54,387 - config.config - INFO - Best 12s segment - duration: 12.00 seconds
2025-08-01 14:11:54,387 - config.config - INFO - Best 12s segment - energy: 4238.00
2025-08-01 14:11:54,388 - config.config - INFO - Transcribing 12-second clipped audio with Whisper...
2025-08-01 14:11:54,607 - faster_whisper - INFO - Processing audio with duration 00:12.000
2025-08-01 14:11:54,780 - faster_whisper - INFO - Detected language 'en' with probability 0.93
2025-08-01 14:11:55,160 - config.config - INFO - Whisper transcription of 12s clip: ' hey guys my name is Sunil a very good morning to one and all and I pursued my bachelor's degree from University of Mumbai and I'm in Boston doing my'
2025-08-01 14:11:55,160 - config.config - INFO - Original provided ref_text (ignored): 'Hey guys, my name is Sunil. A very good morning to one and all. I pursued my bachelor's degree from the University of Mumbai. And I'm in Boston, doing my master's degree in business analytics from Northeastern University. . I'm excited to be here today to share my experiences and insights with you all. . My journey to becoming a business analytics professional has been quite a ride, and I'm looking forward to taking you through it with you. . Let's get started!'
2025-08-01 14:11:55,160 - config.config - INFO - Note: Using transcription of 12s clip instead of provided ref_text
2025-08-01 14:11:55,160 - config.config - INFO - === F5-TTS COMMAND EXECUTION ===
2025-08-01 14:11:55,160 - config.config - INFO - Command: python3 src/f5_tts/infer/infer_cli.py --gen_text Hey guys, my name is Sunil. A very good morning to one and all. I pursued my bachelor's degree from the University of Mumbai. And I'm in Boston, doing my master's degree in business analytics from Northeastern University. . I'm excited to be here today to share my experiences and insights with you all. . My journey to becoming a business analytics professional has been quite a ride, and I'm looking forward to taking you through it with you. . Let's get started! --ref_audio /tmp/tmpk2rvc3yq_ref.wav --ref_text /tmp/tmp35_co181_ref.txt --output_dir /tmp --output_file tmpeifvj93a_clone.wav --speed 0.8 --nfe_step 64 --cross_fade_duration 0.15
2025-08-01 14:11:55,160 - config.config - INFO - Expected output path: /tmp/tmpeifvj93a_clone.wav
2025-08-01 14:11:55,160 - config.config - INFO - Expected output duration: 46.81s
2025-08-01 14:12:18,933 - config.config - INFO - F5-TTS execution completed successfully
2025-08-01 14:12:18,933 - config.config - INFO - Generated audio - duration: 44.35 seconds
2025-08-01 14:12:18,933 - config.config - INFO - Generated audio - sample_rate: 24000Hz
2025-08-01 14:12:18,933 - config.config - INFO - Duration difference from expected: -2.46s
2025-08-01 14:12:18,968 - config.config - INFO - === CLONE REQUEST COMPLETED SUCCESSFULLY ===
2025-08-01 14:12:18,968 - config.config - INFO - Clone uploaded to MinIO: http://129.10.157.87:9000/presbotclone/688a3d35efb247c59bd5a5ea/clones/sanil_pitch_58ab1f83-92b3-4103-abb1-f85357194408.wav
2025-08-01 14:12:18,968 - config.config - INFO - Clone ID: 688d03822808fb59ac92c542
2025-08-01 14:23:56,376 - config.config - INFO - === CLONE REQUEST STARTED ===
2025-08-01 14:23:56,506 - config.config - INFO - Original audio - duration: 15.68 seconds
2025-08-01 14:23:56,506 - config.config - INFO - Original audio - sample_rate: 48000Hz
2025-08-01 14:23:56,811 - config.config - INFO - Best 12s segment - duration: 12.00 seconds
2025-08-01 14:23:56,812 - config.config - INFO - Best 12s segment - energy: 4238.00
2025-08-01 14:23:56,813 - config.config - INFO - Transcribing 12-second clipped audio with Whisper...
2025-08-01 14:23:57,029 - faster_whisper - INFO - Processing audio with duration 00:12.000
2025-08-01 14:23:57,137 - faster_whisper - INFO - Detected language 'en' with probability 0.93
2025-08-01 14:23:57,521 - config.config - INFO - Whisper transcription of 12s clip: ' hey guys my name is Sunil a very good morning to one and all and I pursued my bachelor's degree from University of Mumbai and I'm in Boston doing my'
2025-08-01 14:23:57,521 - config.config - INFO - Original provided ref_text (ignored): 'Hey guys, my name is Sunil. A very good morning to one and all. I pursued my bachelor's degree from the University of Mumbai. And I'm in Boston, doing my master's degree in business analytics from Northeastern University. . I'm excited to be here today to share my experiences and insights with you all. . My journey to becoming a business analytics professional has been quite a ride, and I'm looking forward to taking you through it with you. . Let's get started!'
2025-08-01 14:23:57,521 - config.config - INFO - Note: Using transcription of 12s clip instead of provided ref_text
2025-08-01 14:23:57,521 - config.config - INFO - === F5-TTS COMMAND EXECUTION ===
2025-08-01 14:23:57,521 - config.config - INFO - Command: python3 src/f5_tts/infer/infer_cli.py --gen_text Hey guys, my name is Sunil. A very good morning to one and all. I pursued my bachelor's degree from the University of Mumbai. And I'm in Boston, doing my master's degree in business analytics from Northeastern University. . I'm excited to be here today to share my experiences and insights with you all. . My journey to becoming a business analytics professional has been quite a ride, and I'm looking forward to taking you through it with you. . Let's get started! --ref_audio /tmp/tmpb32jzs95_ref.wav --ref_text /tmp/tmp_oyzh8ss_ref.txt --output_dir /tmp --output_file tmpb_bx1et2_clone.wav --speed 0.9 --nfe_step 64 --cross_fade_duration 0.15
2025-08-01 14:23:57,521 - config.config - INFO - Expected output path: /tmp/tmpb_bx1et2_clone.wav
2025-08-01 14:23:57,521 - config.config - INFO - Expected output duration: 41.61s
2025-08-01 14:24:20,825 - config.config - INFO - F5-TTS execution completed successfully
2025-08-01 14:24:20,826 - config.config - INFO - Generated audio - duration: 39.31 seconds
2025-08-01 14:24:20,826 - config.config - INFO - Generated audio - sample_rate: 24000Hz
2025-08-01 14:24:20,826 - config.config - INFO - Duration difference from expected: -2.30s
2025-08-01 14:24:20,858 - config.config - INFO - === CLONE REQUEST COMPLETED SUCCESSFULLY ===
2025-08-01 14:24:20,858 - config.config - INFO - Clone uploaded to MinIO: http://129.10.157.87:9000/presbotclone/688a3d35efb247c59bd5a5ea/clones/test100_1f7addd9-a87e-4367-b704-2907f4a64cc5.wav
2025-08-01 14:24:20,858 - config.config - INFO - Clone ID: 688d06542808fb59ac92c543
2025-08-01 14:26:31,900 - config.config - INFO - JWT payload decoded successfully: {'id': '688a3d35efb247c59bd5a5ea', 'email': 'corriea.k@northeastern.edu', 'username': 'corriea.k', 'name': 'Kris Elias Corriea', 'service': 'presbot', 'purpose': 'external_service', 'iat': 1754072791, 'exp': 1754073091, 'aud': 'presbot', 'iss': 'dash-portal'}
2025-08-01 14:26:31,901 - config.config - INFO - User authenticated successfully: corriea.k@northeastern.edu
2025-08-01 14:29:44,094 - config.config - INFO - JWT payload decoded successfully: {'id': '68881cd1bbf442dd994bde20', 'email': 'patel.hetas@northeastern.edu', 'username': 'patel.hetas', 'name': 'Het Patel', 'service': 'presbot', 'purpose': 'external_service', 'iat': 1754072983, 'exp': 1754073283, 'aud': 'presbot', 'iss': 'dash-portal'}
2025-08-01 14:29:44,095 - config.config - INFO - User authenticated successfully: patel.hetas@northeastern.edu
2025-08-01 14:30:46,767 - config.config - INFO - === CLONE REQUEST STARTED ===
2025-08-01 14:30:46,943 - config.config - INFO - Original audio - duration: 66.90 seconds
2025-08-01 14:30:46,943 - config.config - INFO - Original audio - sample_rate: 48000Hz
2025-08-01 14:30:47,819 - config.config - INFO - Best 12s segment - duration: 12.00 seconds
2025-08-01 14:30:47,820 - config.config - INFO - Best 12s segment - energy: 3797.00
2025-08-01 14:30:47,820 - config.config - INFO - Transcribing 12-second clipped audio with Whisper...
2025-08-01 14:30:48,047 - faster_whisper - INFO - Processing audio with duration 00:12.000
2025-08-01 14:30:48,188 - faster_whisper - INFO - Detected language 'en' with probability 0.95
2025-08-01 14:30:48,645 - config.config - INFO - Whisper transcription of 12s clip: ' My research project on the impact of artificial intelligence on modern healthcare system. My study examines three key areas. First, AI-powered diagnostic tools. Second, AI-powered diagnostic tools.'
2025-08-01 14:30:48,645 - config.config - INFO - Original provided ref_text (ignored): 'Presbot is truly revolutionizing the way we approach voice technology and feedback. Its advanced AI-driven platform makes it easier than ever to analyze, grade, and improve speech samples with incredible accuracy. The seamless integration of voice cloning and personalized feedback sets Presbot apart from any other solution out there. Whether you're a student, a professional, or just someone looking to refine your communication skills, Presbot provides the tools and insights needed to reach your goals. It’s no wonder so many people are choosing Presbot to elevate their speaking and presentation abilities.'
2025-08-01 14:30:48,645 - config.config - INFO - Note: Using transcription of 12s clip instead of provided ref_text
2025-08-01 14:30:48,646 - config.config - INFO - === F5-TTS COMMAND EXECUTION ===
2025-08-01 14:30:48,646 - config.config - INFO - Command: python3 src/f5_tts/infer/infer_cli.py --gen_text Presbot is truly revolutionizing the way we approach voice technology and feedback. Its advanced AI-driven platform makes it easier than ever to analyze, grade, and improve speech samples with incredible accuracy. The seamless integration of voice cloning and personalized feedback sets Presbot apart from any other solution out there. Whether you're a student, a professional, or just someone looking to refine your communication skills, Presbot provides the tools and insights needed to reach your goals. It’s no wonder so many people are choosing Presbot to elevate their speaking and presentation abilities. --ref_audio /tmp/tmpldtcib7n_ref.wav --ref_text /tmp/tmpuxf123ee_ref.txt --output_dir /tmp --output_file tmp105omje3_clone.wav --speed 1.0 --nfe_step 32 --cross_fade_duration 0.15
2025-08-01 14:30:48,646 - config.config - INFO - Expected output path: /tmp/tmp105omje3_clone.wav
2025-08-01 14:30:48,646 - config.config - INFO - Expected output duration: 37.15s
2025-08-01 14:31:02,027 - config.config - INFO - F5-TTS execution completed successfully
2025-08-01 14:31:02,027 - config.config - INFO - Generated audio - duration: 34.95 seconds
2025-08-01 14:31:02,027 - config.config - INFO - Generated audio - sample_rate: 24000Hz
2025-08-01 14:31:02,027 - config.config - INFO - Duration difference from expected: -2.20s
2025-08-01 14:31:02,049 - config.config - INFO - === CLONE REQUEST COMPLETED SUCCESSFULLY ===
2025-08-01 14:31:02,049 - config.config - INFO - Clone uploaded to MinIO: http://129.10.157.87:9000/presbotclone/68881cd1bbf442dd994bde20/clones/presentation_044514_4e6bec0f-c2ac-47e4-9be6-1eb69bb709f1.wav
2025-08-01 14:31:02,049 - config.config - INFO - Clone ID: 688d07e62808fb59ac92c544
2025-08-01 14:33:47,849 - config.config - INFO - JWT payload decoded successfully: {'id': '688a3d35efb247c59bd5a5ea', 'email': 'corriea.k@northeastern.edu', 'username': 'corriea.k', 'name': 'Kris Elias Corriea', 'service': 'presbot', 'purpose': 'external_service', 'iat': 1754073227, 'exp': 1754073527, 'aud': 'presbot', 'iss': 'dash-portal'}
2025-08-01 14:33:47,850 - config.config - INFO - User authenticated successfully: corriea.k@northeastern.edu
2025-08-01 14:35:08,998 - config.config - INFO - JWT payload decoded successfully: {'id': '688a3d35efb247c59bd5a5ea', 'email': 'corriea.k@northeastern.edu', 'username': 'corriea.k', 'name': 'Kris Elias Corriea', 'service': 'presbot', 'purpose': 'external_service', 'iat': 1754073308, 'exp': 1754073608, 'aud': 'presbot', 'iss': 'dash-portal'}
2025-08-01 14:35:08,998 - config.config - INFO - User authenticated successfully: corriea.k@northeastern.edu
2025-08-01 14:37:08,432 - config.config - INFO - Successfully uploaded original to MinIO: https://minio.dashlab.studio/presbotclone/68881cd1bbf442dd994bde20/originals/original_1754087828.wav
2025-08-01 14:37:08,433 - config.config - INFO - Successfully stored original metadata in database: 688d0954d9bcebd1e7d9adf4
2025-08-01 14:37:25,907 - config.config - INFO - === CLONE REQUEST STARTED ===
2025-08-01 14:37:26,095 - config.config - INFO - Original audio - duration: 66.90 seconds
2025-08-01 14:37:26,096 - config.config - INFO - Original audio - sample_rate: 48000Hz
2025-08-01 14:37:27,015 - config.config - INFO - Best 12s segment - duration: 12.00 seconds
2025-08-01 14:37:27,015 - config.config - INFO - Best 12s segment - energy: 3797.00
2025-08-01 14:37:27,016 - config.config - INFO - Transcribing 12-second clipped audio with Whisper...
2025-08-01 14:37:27,235 - faster_whisper - INFO - Processing audio with duration 00:12.000
2025-08-01 14:37:27,545 - faster_whisper - INFO - Detected language 'en' with probability 0.95
2025-08-01 14:37:28,016 - config.config - INFO - Whisper transcription of 12s clip: ' My research project on the impact of artificial intelligence on modern healthcare system. My study examines three key areas. First, AI-powered diagnostic tools. Second, AI-powered diagnostic tools.'
2025-08-01 14:37:28,016 - config.config - INFO - Original provided ref_text (ignored): 'Presbot is truly revolutionizing the way we approach voice technology and feedback. Its advanced AI-driven platform makes it easier than ever to analyze, grade, and improve speech samples with incredible accuracy. The seamless integration of voice cloning and personalized feedback sets Presbot apart from any other solution out there. Whether you're a student, a professional, or just someone looking to refine your communication skills, Presbot provides the tools and insights needed to reach your goals. It’s no wonder so many people are choosing Presbot to elevate their speaking and presentation abilities.'
2025-08-01 14:37:28,016 - config.config - INFO - Note: Using transcription of 12s clip instead of provided ref_text
2025-08-01 14:37:28,016 - config.config - INFO - === F5-TTS COMMAND EXECUTION ===
2025-08-01 14:37:28,016 - config.config - INFO - Command: python3 src/f5_tts/infer/infer_cli.py --gen_text Presbot is truly revolutionizing the way we approach voice technology and feedback. Its advanced AI-driven platform makes it easier than ever to analyze, grade, and improve speech samples with incredible accuracy. The seamless integration of voice cloning and personalized feedback sets Presbot apart from any other solution out there. Whether you're a student, a professional, or just someone looking to refine your communication skills, Presbot provides the tools and insights needed to reach your goals. It’s no wonder so many people are choosing Presbot to elevate their speaking and presentation abilities. --ref_audio /tmp/tmp2gh8qinx_ref.wav --ref_text /tmp/tmpl9byaa2i_ref.txt --output_dir /tmp --output_file tmp1ap0_9mb_clone.wav --speed 1.0 --nfe_step 32 --cross_fade_duration 0.15
2025-08-01 14:37:28,016 - config.config - INFO - Expected output path: /tmp/tmp1ap0_9mb_clone.wav
2025-08-01 14:37:28,016 - config.config - INFO - Expected output duration: 37.15s
2025-08-01 14:37:41,234 - config.config - INFO - F5-TTS execution completed successfully
2025-08-01 14:37:41,234 - config.config - INFO - Generated audio - duration: 34.95 seconds
2025-08-01 14:37:41,234 - config.config - INFO - Generated audio - sample_rate: 24000Hz
2025-08-01 14:37:41,234 - config.config - INFO - Duration difference from expected: -2.20s
2025-08-01 14:37:41,267 - config.config - INFO - Successfully uploaded clone to MinIO: https://minio.dashlab.studio/presbotclone/68881cd1bbf442dd994bde20/clones/narration_444298_1cfba179-8fa2-4368-ad09-5ba608d6da95.wav
2025-08-01 14:37:41,267 - config.config - INFO - Successfully stored clone metadata in database: 688d0975d9bcebd1e7d9adf5
2025-08-01 14:37:41,268 - config.config - INFO - === CLONE REQUEST COMPLETED SUCCESSFULLY ===
2025-08-01 14:37:41,268 - config.config - INFO - Clone uploaded to MinIO: https://minio.dashlab.studio/presbotclone/68881cd1bbf442dd994bde20/clones/narration_444298_1cfba179-8fa2-4368-ad09-5ba608d6da95.wav
2025-08-01 14:37:41,268 - config.config - INFO - Clone ID: 688d0975d9bcebd1e7d9adf5
2025-08-01 14:39:04,716 - config.config - INFO - === CLONE REQUEST STARTED ===
2025-08-01 14:39:04,890 - config.config - INFO - Original audio - duration: 66.90 seconds
2025-08-01 14:39:04,890 - config.config - INFO - Original audio - sample_rate: 48000Hz
2025-08-01 14:39:05,756 - config.config - INFO - Best 12s segment - duration: 12.00 seconds
2025-08-01 14:39:05,756 - config.config - INFO - Best 12s segment - energy: 3797.00
2025-08-01 14:39:05,757 - config.config - INFO - Transcribing 12-second clipped audio with Whisper...
2025-08-01 14:39:05,972 - faster_whisper - INFO - Processing audio with duration 00:12.000
2025-08-01 14:39:06,143 - faster_whisper - INFO - Detected language 'en' with probability 0.95
2025-08-01 14:39:06,596 - config.config - INFO - Whisper transcription of 12s clip: ' My research project on the impact of artificial intelligence on modern healthcare system. My study examines three key areas. First, AI-powered diagnostic tools. Second, AI-powered diagnostic tools.'
2025-08-01 14:39:06,596 - config.config - INFO - Original provided ref_text (ignored): 'Presbot is truly revolutionizing the way we approach voice technology and feedback. Its advanced AI-driven platform makes it easier than ever to analyze, grade, and improve speech samples with incredible accuracy. The seamless integration of voice cloning and personalized feedback sets Presbot apart from any other solution out there. Whether you're a student, a professional, or just someone looking to refine your communication skills, Presbot provides the tools and insights needed to reach your goals. It’s no wonder so many people are choosing Presbot to elevate their speaking and presentation abilities.'
2025-08-01 14:39:06,596 - config.config - INFO - Note: Using transcription of 12s clip instead of provided ref_text
2025-08-01 14:39:06,596 - config.config - INFO - === F5-TTS COMMAND EXECUTION ===
2025-08-01 14:39:06,596 - config.config - INFO - Command: python3 src/f5_tts/infer/infer_cli.py --gen_text Presbot is truly revolutionizing the way we approach voice technology and feedback. Its advanced AI-driven platform makes it easier than ever to analyze, grade, and improve speech samples with incredible accuracy. The seamless integration of voice cloning and personalized feedback sets Presbot apart from any other solution out there. Whether you're a student, a professional, or just someone looking to refine your communication skills, Presbot provides the tools and insights needed to reach your goals. It’s no wonder so many people are choosing Presbot to elevate their speaking and presentation abilities. --ref_audio /tmp/tmptya_eisq_ref.wav --ref_text /tmp/tmp_tfsngsn_ref.txt --output_dir /tmp --output_file tmpyck2t1hj_clone.wav --speed 1.0 --nfe_step 32 --cross_fade_duration 0.15
2025-08-01 14:39:06,596 - config.config - INFO - Expected output path: /tmp/tmpyck2t1hj_clone.wav
2025-08-01 14:39:06,596 - config.config - INFO - Expected output duration: 37.15s
2025-08-01 14:39:19,995 - config.config - INFO - F5-TTS execution completed successfully
2025-08-01 14:39:19,995 - config.config - INFO - Generated audio - duration: 34.95 seconds
2025-08-01 14:39:19,995 - config.config - INFO - Generated audio - sample_rate: 24000Hz
2025-08-01 14:39:19,995 - config.config - INFO - Duration difference from expected: -2.20s
2025-08-01 14:39:20,035 - config.config - INFO - Successfully uploaded clone to MinIO: https://minio.dashlab.studio/presbotclone/68881cd1bbf442dd994bde20/clones/narration_444298_6d40fff5-15aa-46b7-b7bd-a7ffac5674c1.wav
2025-08-01 14:39:20,035 - config.config - INFO - Successfully stored clone metadata in database: 688d09d8d9bcebd1e7d9adf6
2025-08-01 14:39:20,036 - config.config - INFO - === CLONE REQUEST COMPLETED SUCCESSFULLY ===
2025-08-01 14:39:20,036 - config.config - INFO - Clone uploaded to MinIO: https://minio.dashlab.studio/presbotclone/68881cd1bbf442dd994bde20/clones/narration_444298_6d40fff5-15aa-46b7-b7bd-a7ffac5674c1.wav
2025-08-01 14:39:20,036 - config.config - INFO - Clone ID: 688d09d8d9bcebd1e7d9adf6
2025-08-01 14:43:57,803 - config.config - INFO - === CLONE REQUEST STARTED ===
2025-08-01 14:43:57,995 - config.config - INFO - Original audio - duration: 66.90 seconds
2025-08-01 14:43:57,995 - config.config - INFO - Original audio - sample_rate: 48000Hz
2025-08-01 14:43:58,895 - config.config - INFO - Best 12s segment - duration: 12.00 seconds
2025-08-01 14:43:58,896 - config.config - INFO - Best 12s segment - energy: 3797.00
2025-08-01 14:43:58,896 - config.config - INFO - Transcribing 12-second clipped audio with Whisper...
2025-08-01 14:43:59,134 - faster_whisper - INFO - Processing audio with duration 00:12.000
2025-08-01 14:43:59,557 - faster_whisper - INFO - Detected language 'en' with probability 0.95
2025-08-01 14:44:00,618 - config.config - INFO - Whisper transcription of 12s clip: ' My research project on the impact of artificial intelligence on modern healthcare system. My study examines three key areas. First, AI-powered diagnostic tools. Second, AI-powered diagnostic tools.'
2025-08-01 14:44:00,618 - config.config - INFO - Original provided ref_text (ignored): 'Presbot is truly revolutionizing the way we approach voice technology and feedback. Its advanced AI-driven platform makes it easier than ever to analyze, grade, and improve speech samples with incredible accuracy. The seamless integration of voice cloning and personalized feedback sets Presbot apart from any other solution out there. Whether you're a student, a professional, or just someone looking to refine your communication skills, Presbot provides the tools and insights needed to reach your goals. It’s no wonder so many people are choosing Presbot to elevate their speaking and presentation abilities.'
2025-08-01 14:44:00,618 - config.config - INFO - Note: Using transcription of 12s clip instead of provided ref_text
2025-08-01 14:44:00,618 - config.config - INFO - === F5-TTS COMMAND EXECUTION ===
2025-08-01 14:44:00,618 - config.config - INFO - Command: python3 src/f5_tts/infer/infer_cli.py --gen_text Presbot is truly revolutionizing the way we approach voice technology and feedback. Its advanced AI-driven platform makes it easier than ever to analyze, grade, and improve speech samples with incredible accuracy. The seamless integration of voice cloning and personalized feedback sets Presbot apart from any other solution out there. Whether you're a student, a professional, or just someone looking to refine your communication skills, Presbot provides the tools and insights needed to reach your goals. It’s no wonder so many people are choosing Presbot to elevate their speaking and presentation abilities. --ref_audio /tmp/tmpbe1ikbzr_ref.wav --ref_text /tmp/tmpj3v1wton_ref.txt --output_dir /tmp --output_file tmpkvghxj46_clone.wav --speed 1.0 --nfe_step 32 --cross_fade_duration 0.15
2025-08-01 14:44:00,618 - config.config - INFO - Expected output path: /tmp/tmpkvghxj46_clone.wav
2025-08-01 14:44:00,618 - config.config - INFO - Expected output duration: 37.15s
2025-08-01 14:44:14,286 - config.config - INFO - F5-TTS execution completed successfully
2025-08-01 14:44:14,287 - config.config - INFO - Generated audio - duration: 34.95 seconds
2025-08-01 14:44:14,287 - config.config - INFO - Generated audio - sample_rate: 24000Hz
2025-08-01 14:44:14,287 - config.config - INFO - Duration difference from expected: -2.20s
2025-08-01 14:44:14,335 - config.config - INFO - Successfully uploaded clone to MinIO: https://minio.dashlab.studio/presbotclone/68881cd1bbf442dd994bde20/clones/voice_833975_40859beb-baeb-479d-a1d2-90d4f6de23c1.wav
2025-08-01 14:44:14,336 - config.config - INFO - Successfully stored clone metadata in database: 688d0afe13730ef6cf789e40
2025-08-01 14:44:14,337 - config.config - INFO - === CLONE REQUEST COMPLETED SUCCESSFULLY ===
2025-08-01 14:44:14,337 - config.config - INFO - Clone uploaded to MinIO: https://minio.dashlab.studio/presbotclone/68881cd1bbf442dd994bde20/clones/voice_833975_40859beb-baeb-479d-a1d2-90d4f6de23c1.wav
2025-08-01 14:44:14,337 - config.config - INFO - Clone ID: 688d0afe13730ef6cf789e40
2025-08-01 14:46:01,684 - faster_whisper - INFO - Processing audio with duration 01:06.900
2025-08-01 14:46:01,863 - faster_whisper - INFO - Detected language 'en' with probability 0.99
2025-08-01 16:31:28,977 - config.config - INFO - JWT payload decoded successfully: {'id': '688a3d35efb247c59bd5a5ea', 'email': 'corriea.k@northeastern.edu', 'username': 'corriea.k', 'name': 'Kris Elias Corriea', 'service': 'presbot', 'purpose': 'external_service', 'iat': 1754080288, 'exp': 1754080588, 'aud': 'presbot', 'iss': 'dash-portal'}
2025-08-01 16:31:28,982 - config.config - INFO - User authenticated successfully: corriea.k@northeastern.edu
2025-08-01 16:32:48,160 - config.config - INFO - Successfully uploaded original to MinIO: https://minio.dashlab.studio/presbotclone/688a3d35efb247c59bd5a5ea/originals/original_1754094767.wav
2025-08-01 16:32:48,160 - config.config - INFO - Successfully stored original metadata in database: 688d24705ad49b70cd8c5ea7
2025-08-01 16:34:38,006 - faster_whisper - INFO - Processing audio with duration 01:06.900
2025-08-01 16:34:38,346 - faster_whisper - INFO - Detected language 'en' with probability 0.99
2025-08-01 16:37:46,404 - faster_whisper - INFO - Processing audio with duration 01:06.900
2025-08-01 16:37:46,541 - faster_whisper - INFO - Detected language 'en' with probability 0.99
2025-08-01 16:38:14,907 - faster_whisper - INFO - Processing audio with duration 01:06.900
2025-08-01 16:38:15,029 - faster_whisper - INFO - Detected language 'en' with probability 0.99
2025-08-01 16:40:46,401 - config.config - INFO - === CLONE REQUEST STARTED ===
2025-08-01 16:40:46,609 - config.config - INFO - Original audio - duration: 66.90 seconds
2025-08-01 16:40:46,609 - config.config - INFO - Original audio - sample_rate: 48000Hz
2025-08-01 16:40:47,499 - config.config - INFO - Best 12s segment - duration: 12.00 seconds
2025-08-01 16:40:47,499 - config.config - INFO - Best 12s segment - energy: 3797.00
2025-08-01 16:40:47,500 - config.config - INFO - Transcribing 12-second clipped audio with Whisper...
2025-08-01 16:40:47,726 - faster_whisper - INFO - Processing audio with duration 00:12.000
2025-08-01 16:40:47,931 - faster_whisper - INFO - Detected language 'en' with probability 0.95
2025-08-01 16:40:48,391 - config.config - INFO - Whisper transcription of 12s clip: ' My research project on the impact of artificial intelligence on modern healthcare system. My study examines three key areas. First, AI-powered diagnostic tools. Second, AI-powered diagnostic tools.'
2025-08-01 16:40:48,391 - config.config - INFO - === F5-TTS COMMAND EXECUTION ===
2025-08-01 16:40:48,391 - config.config - INFO - Command: python3 src/f5_tts/infer/infer_cli.py --gen_text In my research project on the impact of artificial intelligence on modern healthcare systems, my study exhibits three key areas. First, AI-powered diagnostic tools. Second, robotic surgery assistance. And the third, last one, personalized treatment plans. To conduct this research, I employed a mixed-methods approach. I analyzed data from the 50 hospitals implementing AI technologies. I also interviewed 30 healthcare professionals. And, lastly, I reviewed 100 peer-reviewed articles on AI in medicine. The results of my study indicate that AI-powered diagnostics improve accuracy by 37 percent. Robotic surgery reduces recovery time by an average of 2.5 days. And personalized treatment plans increase patient satisfaction by 42 percent. These findings suggest a significant positive impact of AI on healthcare outcomes. In conclusion, AI is transforming healthcare by offering improved efficiency, accuracy, and patient experiences. --ref_audio /tmp/tmpw3txnmba_ref.wav --ref_text /tmp/tmpbgxjxekc_ref.txt --output_dir /tmp --output_file tmpy85e1dax_clone.wav --speed 1.0 --nfe_step 32 --cross_fade_duration 0.15
2025-08-01 16:40:48,391 - config.config - INFO - Expected output path: /tmp/tmpy85e1dax_clone.wav
2025-08-01 16:40:48,391 - config.config - INFO - Expected output duration: 56.73s
2025-08-01 16:41:05,659 - config.config - INFO - F5-TTS execution completed successfully
2025-08-01 16:41:05,660 - config.config - INFO - Generated audio - duration: 53.05 seconds
2025-08-01 16:41:05,660 - config.config - INFO - Generated audio - sample_rate: 24000Hz
2025-08-01 16:41:05,660 - config.config - INFO - Duration difference from expected: -3.68s
2025-08-01 16:41:05,709 - config.config - INFO - Successfully uploaded clone to MinIO: https://minio.dashlab.studio/presbotclone/688a3d35efb247c59bd5a5ea/clones/test1_0fab72f6-d2cc-414e-a962-a76cd443be6b.wav
2025-08-01 16:41:05,710 - config.config - INFO - Successfully stored clone metadata in database: 688d26615ad49b70cd8c5eab
2025-08-01 16:41:05,711 - config.config - INFO - === CLONE REQUEST COMPLETED SUCCESSFULLY ===
2025-08-01 16:41:05,711 - config.config - INFO - Clone uploaded to MinIO: https://minio.dashlab.studio/presbotclone/688a3d35efb247c59bd5a5ea/clones/test1_0fab72f6-d2cc-414e-a962-a76cd443be6b.wav
2025-08-01 16:41:05,711 - config.config - INFO - Clone ID: 688d26615ad49b70cd8c5eab
2025-08-01 16:47:03,310 - faster_whisper - INFO - Processing audio with duration 01:06.900
2025-08-01 16:47:03,470 - faster_whisper - INFO - Detected language 'en' with probability 0.99
2025-08-01 16:51:03,006 - config.config - INFO - === CLONE REQUEST STARTED ===
2025-08-01 16:51:03,205 - config.config - INFO - Original audio - duration: 66.90 seconds
2025-08-01 16:51:03,205 - config.config - INFO - Original audio - sample_rate: 48000Hz
2025-08-01 16:51:04,068 - config.config - INFO - Best 12s segment - duration: 12.00 seconds
2025-08-01 16:51:04,069 - config.config - INFO - Best 12s segment - energy: 3797.00
2025-08-01 16:51:04,070 - config.config - INFO - Transcribing 12-second clipped audio with Whisper...
2025-08-01 16:51:04,289 - faster_whisper - INFO - Processing audio with duration 00:12.000
2025-08-01 16:51:04,436 - faster_whisper - INFO - Detected language 'en' with probability 0.95
2025-08-01 16:51:04,993 - config.config - INFO - Whisper transcription of 12s clip: ' My research project on the impact of artificial intelligence on modern healthcare system. My study examines three key areas. First, AI-powered diagnostic tools. Second, AI-powered diagnostic tools.'
2025-08-01 16:51:04,993 - config.config - INFO - === F5-TTS COMMAND EXECUTION ===
2025-08-01 16:51:04,993 - config.config - INFO - Command: python3 src/f5_tts/infer/infer_cli.py --gen_text In my research project on the impact of artificial intelligence on modern healthcare systems, my study exhibits three key areas. First, AI-powered diagnostic tools. Second, robotic surgery assistance. And the third, last one, personalized treatment plans. To conduct this research, I employed a mixed-methods approach. I analyzed data from the 50 hospitals implementing AI technologies, second, interviewed 30 healthcare professionals, and last, reviewed 100 peer-reviewed articles on AI in medicine. The results of my study indicate that AI-powered diagnostics improve accuracy by 37 percent. The robotic surgery reduces recovery time by an average of 2.5 days. The personalized treatment plans increase patient satisfaction by 42 percent. These findings suggest a significant positive impact of AI on healthcare outcomes. In conclusion, AI is transforming healthcare by offering improved efficiency, accuracy, and patient experiences. --ref_audio /tmp/tmpmhvqbrq0_ref.wav --ref_text /tmp/tmp9eobbhw7_ref.txt --output_dir /tmp --output_file tmp1g6o_ua7_clone.wav --speed 1.0 --nfe_step 32 --cross_fade_duration 0.15
2025-08-01 16:51:04,994 - config.config - INFO - Expected output path: /tmp/tmp1g6o_ua7_clone.wav
2025-08-01 16:51:04,994 - config.config - INFO - Expected output duration: 56.73s
2025-08-01 16:51:22,132 - config.config - INFO - F5-TTS execution completed successfully
2025-08-01 16:51:22,133 - config.config - INFO - Generated audio - duration: 53.05 seconds
2025-08-01 16:51:22,133 - config.config - INFO - Generated audio - sample_rate: 24000Hz
2025-08-01 16:51:22,133 - config.config - INFO - Duration difference from expected: -3.68s
2025-08-01 16:51:22,182 - config.config - INFO - Successfully uploaded clone to MinIO: https://minio.dashlab.studio/presbotclone/688a3d35efb247c59bd5a5ea/clones/t2_a9fab5fb-89d8-4936-a846-45fbdcf1e1ca.wav
2025-08-01 16:51:22,183 - config.config - INFO - Successfully stored clone metadata in database: 688d28ca5ad49b70cd8c5ead
2025-08-01 16:51:22,184 - config.config - INFO - === CLONE REQUEST COMPLETED SUCCESSFULLY ===
2025-08-01 16:51:22,184 - config.config - INFO - Clone uploaded to MinIO: https://minio.dashlab.studio/presbotclone/688a3d35efb247c59bd5a5ea/clones/t2_a9fab5fb-89d8-4936-a846-45fbdcf1e1ca.wav
2025-08-01 16:51:22,184 - config.config - INFO - Clone ID: 688d28ca5ad49b70cd8c5ead
2025-08-01 17:14:44,315 - config.config - INFO - JWT payload decoded successfully: {'id': '688a3d35efb247c59bd5a5ea', 'email': 'corriea.k@northeastern.edu', 'username': 'corriea.k', 'name': 'Kris Elias Corriea', 'service': 'presbot', 'purpose': 'external_service', 'iat': 1754082884, 'exp': 1754083184, 'aud': 'presbot', 'iss': 'dash-portal'}
2025-08-01 17:14:44,316 - config.config - INFO - User authenticated successfully: corriea.k@northeastern.edu
2025-08-01 17:15:06,183 - faster_whisper - INFO - Processing audio with duration 01:06.900
2025-08-01 17:15:06,324 - faster_whisper - INFO - Detected language 'en' with probability 0.99
2025-08-01 17:17:32,919 - config.config - INFO - Successfully uploaded original to MinIO: https://minio.dashlab.studio/presbotclone/688a3d35efb247c59bd5a5ea/originals/original_1754097452.wav
2025-08-01 17:17:32,920 - config.config - INFO - Successfully stored original metadata in database: 688d2eec5ad49b70cd8c5eaf
2025-08-01 17:17:52,956 - faster_whisper - INFO - Processing audio with duration 00:11.982
2025-08-01 17:17:53,100 - faster_whisper - INFO - Detected language 'en' with probability 1.00
2025-08-01 17:18:12,445 - faster_whisper - INFO - Processing audio with duration 00:11.982
2025-08-01 17:18:12,552 - faster_whisper - INFO - Detected language 'en' with probability 1.00
2025-08-01 17:19:48,832 - config.config - INFO - === CLONE REQUEST STARTED ===
2025-08-01 17:19:48,843 - config.config - INFO - Original audio - duration: 11.98 seconds
2025-08-01 17:19:48,843 - config.config - INFO - Original audio - sample_rate: 44100Hz
2025-08-01 17:19:49,073 - config.config - INFO - Best 12s segment - duration: 11.98 seconds
2025-08-01 17:19:49,074 - config.config - INFO - Best 12s segment - energy: 1254.00
2025-08-01 17:19:49,075 - config.config - INFO - Transcribing 12-second clipped audio with Whisper...
2025-08-01 17:19:49,299 - faster_whisper - INFO - Processing audio with duration 00:11.981
2025-08-01 17:19:49,454 - faster_whisper - INFO - Detected language 'en' with probability 1.00
2025-08-01 17:19:49,842 - config.config - INFO - Whisper transcription of 12s clip: ' Okay, welcome back to database marketing. This week, we will review some of the important statistical concepts that we need to keep in mind while we progress through this course.'
2025-08-01 17:19:49,843 - config.config - INFO - === F5-TTS COMMAND EXECUTION ===
2025-08-01 17:19:49,843 - config.config - INFO - Command: python3 src/f5_tts/infer/infer_cli.py --gen_text Okay, welcome back to database marketing. This week, we will review some of the important statistical concepts that we need to keep in mind while we progress through this course. . We will start with the basics of probability, . which is the foundation of all statistical analysis. . Without a good understanding of probability, . it's hard to make sense of any statistical data. . So, let's start with the basics. . What is probability? . Probability is the measure of the likelihood of an event occurring. . It's a number between 0 and 1, . where 0 means the event will never happen, . and 1 means the event will always happen. . But, in reality, . most events fall somewhere in between. . So, let's take a look at some examples. . For instance, . what's the probability of rolling a 6 on a fair six-sided die? . Well, . there's only one way to roll a 6, . and six ways to roll any other number. . So, the probability of rolling a 6 is 1 out of 6, . or 1/6. . Now, . let's talk about some statistical concepts that are related to probability. . One of these concepts is the normal distribution. . The normal distribution is a probability distribution that is symmetric about the mean, . which means that the mean, . the median, . and the mode are all equal. . The normal distribution is also known as the bell curve, . because it looks like a bell when plotted on a graph. . The normal distribution is very important in statistics, . because it's used to model many types of data, . such as heights, . weights, . and IQ scores. . Another statistical concept that's related to probability is the concept of independence. . Independence is a property of events, . where the occurrence of one event does not affect the probability of another event. . For example, . if you flip a coin, . the probability of getting heads is 1/2, . regardless of whether you got tails or heads on the previous flip. . Finally, . let's talk about some statistical concepts that are related to both probability and independence. . One of these concepts is the concept of conditional probability. . Conditional probability is the probability of an event occurring, . given that another event has occurred. . For example, . if you roll a die, . the probability of rolling a 6 is 1/6, . but if you roll a 6, . the probability of rolling a 6 again is 1/6, . because the two events are independent. . So, . that's a review of some of the important statistical concepts that we need to keep in mind while we progress through this course. . --ref_audio /tmp/tmpc3ejli_x_ref.wav --ref_text /tmp/tmpiyd28tlt_ref.txt --output_dir /tmp --output_file tmp2p71kswi_clone.wav --speed 1.0 --nfe_step 32 --cross_fade_duration 0.15
2025-08-01 17:19:49,843 - config.config - INFO - Expected output path: /tmp/tmp2p71kswi_clone.wav
2025-08-01 17:19:49,843 - config.config - INFO - Expected output duration: 168.14s
2025-08-01 17:20:19,165 - config.config - INFO - F5-TTS execution completed successfully
2025-08-01 17:20:19,166 - config.config - INFO - Generated audio - duration: 144.87 seconds
2025-08-01 17:20:19,167 - config.config - INFO - Generated audio - sample_rate: 24000Hz
2025-08-01 17:20:19,167 - config.config - INFO - Duration difference from expected: -23.27s
2025-08-01 17:20:19,288 - config.config - INFO - Successfully uploaded clone to MinIO: https://minio.dashlab.studio/presbotclone/688a3d35efb247c59bd5a5ea/clones/deba_0ee2e826-5012-4c61-84e0-082f420ab2fa.wav
2025-08-01 17:20:19,289 - config.config - INFO - Successfully stored clone metadata in database: 688d2f935ad49b70cd8c5eb1
2025-08-01 17:20:19,291 - config.config - INFO - === CLONE REQUEST COMPLETED SUCCESSFULLY ===
2025-08-01 17:20:19,291 - config.config - INFO - Clone uploaded to MinIO: https://minio.dashlab.studio/presbotclone/688a3d35efb247c59bd5a5ea/clones/deba_0ee2e826-5012-4c61-84e0-082f420ab2fa.wav
2025-08-01 17:20:19,291 - config.config - INFO - Clone ID: 688d2f935ad49b70cd8c5eb1
2025-08-01 17:21:41,339 - config.config - INFO - === CLONE REQUEST STARTED ===
2025-08-01 17:21:41,349 - config.config - INFO - Original audio - duration: 11.98 seconds
2025-08-01 17:21:41,350 - config.config - INFO - Original audio - sample_rate: 44100Hz
2025-08-01 17:21:41,556 - config.config - INFO - Best 12s segment - duration: 11.98 seconds
2025-08-01 17:21:41,557 - config.config - INFO - Best 12s segment - energy: 1254.00
2025-08-01 17:21:41,559 - config.config - INFO - Transcribing 12-second clipped audio with Whisper...
2025-08-01 17:21:41,794 - faster_whisper - INFO - Processing audio with duration 00:11.981
2025-08-01 17:21:41,924 - faster_whisper - INFO - Detected language 'en' with probability 1.00
2025-08-01 17:21:42,315 - config.config - INFO - Whisper transcription of 12s clip: ' Okay, welcome back to database marketing. This week, we will review some of the important statistical concepts that we need to keep in mind while we progress through this course.'
2025-08-01 17:21:42,315 - config.config - INFO - === F5-TTS COMMAND EXECUTION ===
2025-08-01 17:21:42,315 - config.config - INFO - Command: python3 src/f5_tts/infer/infer_cli.py --gen_text Okay, welcome back to database marketing. This week, we will review some of the important statistical concepts that we need to keep in mind while we progress through this course. . We will start with the basics of probability, . which is the foundation of all statistical analysis. . Without a good understanding of probability, . it's hard to make sense of any statistical data. . So, let's start with the basics. . What is probability? . Probability is the measure of the likelihood of an event occurring. . It's a number between 0 and 1, . where 0 means the event will never happen, . and 1 means the event will always happen. . But, in reality, . most events fall somewhere in between. . So, let's take a look at some examples. . For instance, . what's the probability of rolling a 6 on a fair six-sided die? . Well, . there's only one way to roll a 6, . and six ways to roll any other number. . So, the probability of rolling a 6 is 1 out of 6, . or 1/6. . Now, . let's talk about some statistical concepts that are related to probability. . One of these concepts is the normal distribution. . The normal distribution is a probability distribution that is symmetric about the mean, . which means that the mean, . the median, . and the mode are all equal. . The normal distribution is also known as the bell curve, . because it looks like a bell when plotted on a graph. . The normal distribution is very important in statistics, . because it's used to model many types of data, . such as heights, . weights, . and IQ scores. . Another statistical concept that's related to probability is the concept of independence. . Independence is a property of events, . where the occurrence of one event does not affect the probability of another event. . For example, . if you flip a coin, . the probability of getting heads is 1/2, . regardless of whether you got tails or heads on the previous flip. . Finally, . let's talk about some statistical concepts that are related to both probability and independence. . One of these concepts is the concept of conditional probability. . Conditional probability is the probability of an event occurring, . given that another event has occurred. . For example, . if you roll a die, . the probability of rolling a 6 is 1/6, . but if you roll a 6, . the probability of rolling a 6 again is 1/6, . because the two events are independent. . So, . that's a review of some of the important statistical concepts that we need to keep in mind while we progress through this course. . --ref_audio /tmp/tmpf5y9w3cr_ref.wav --ref_text /tmp/tmpqyh_ml_f_ref.txt --output_dir /tmp --output_file tmp3243tmgt_clone.wav --speed 0.8 --nfe_step 32 --cross_fade_duration 0.2
2025-08-01 17:21:42,315 - config.config - INFO - Expected output path: /tmp/tmp3243tmgt_clone.wav
2025-08-01 17:21:42,315 - config.config - INFO - Expected output duration: 210.17s
2025-08-01 17:22:18,150 - config.config - INFO - F5-TTS execution completed successfully
2025-08-01 17:22:18,151 - config.config - INFO - Generated audio - duration: 179.53 seconds
2025-08-01 17:22:18,151 - config.config - INFO - Generated audio - sample_rate: 24000Hz
2025-08-01 17:22:18,151 - config.config - INFO - Duration difference from expected: -30.64s
2025-08-01 17:22:18,242 - config.config - INFO - Successfully uploaded clone to MinIO: https://minio.dashlab.studio/presbotclone/688a3d35efb247c59bd5a5ea/clones/deba_1_acee0f8f-b1ed-41b4-97f7-6514378ef7a8.wav
2025-08-01 17:22:18,243 - config.config - INFO - Successfully stored clone metadata in database: 688d300a5ad49b70cd8c5eb2
2025-08-01 17:22:18,245 - config.config - INFO - === CLONE REQUEST COMPLETED SUCCESSFULLY ===
2025-08-01 17:22:18,245 - config.config - INFO - Clone uploaded to MinIO: https://minio.dashlab.studio/presbotclone/688a3d35efb247c59bd5a5ea/clones/deba_1_acee0f8f-b1ed-41b4-97f7-6514378ef7a8.wav
2025-08-01 17:22:18,245 - config.config - INFO - Clone ID: 688d300a5ad49b70cd8c5eb2
2025-08-02 12:22:58,523 - config.config - INFO - JWT payload decoded successfully: {'id': '688a3d35efb247c59bd5a5ea', 'email': 'corriea.k@northeastern.edu', 'username': 'corriea.k', 'name': 'Kris Elias Corriea', 'service': 'presbot', 'purpose': 'external_service', 'iat': 1754151777, 'exp': 1754152077, 'aud': 'presbot', 'iss': 'dash-portal'}
2025-08-02 12:22:58,528 - config.config - INFO - User authenticated successfully: corriea.k@northeastern.edu
2025-08-02 12:39:07,934 - config.config - INFO - JWT payload decoded successfully: {'id': '688a3d35efb247c59bd5a5ea', 'email': 'corriea.k@northeastern.edu', 'username': 'corriea.k', 'name': 'Kris Elias Corriea', 'service': 'presbot', 'purpose': 'external_service', 'iat': 1754152747, 'exp': 1754153047, 'aud': 'presbot', 'iss': 'dash-portal'}
2025-08-02 12:39:07,934 - config.config - INFO - User authenticated successfully: corriea.k@northeastern.edu
2025-08-02 23:34:52,351 - config.config - INFO - JWT payload decoded successfully: {'id': '68881cd1bbf442dd994bde20', 'email': 'patel.hetas@northeastern.edu', 'username': 'patel.hetas', 'name': 'Het Patel', 'service': 'presbot', 'purpose': 'external_service', 'iat': 1754192092, 'exp': 1754192392, 'aud': 'presbot', 'iss': 'dash-portal'}
2025-08-02 23:34:52,352 - config.config - INFO - User authenticated successfully: patel.hetas@northeastern.edu
2025-08-05 05:54:44,680 - config.config - INFO - JWT payload decoded successfully: {'id': '6891d49c7eed0108430880ba', 'email': 'anand.amri@northeastern.edu', 'username': 'anand.amri', 'name': 'Amritesh Anand', 'service': 'presbot', 'purpose': 'external_service', 'iat': 1754387683, 'exp': 1754387983, 'aud': 'presbot', 'iss': 'dash-portal'}
2025-08-05 05:54:44,686 - config.config - INFO - User authenticated successfully: anand.amri@northeastern.edu
2025-08-05 09:39:23,487 - config.config - INFO - JWT payload decoded successfully: {'id': '688ce4e3b232f19bc4c5ed74', 'email': 'c.chan@northeastern.edu', 'username': 'c.chan', 'name': 'Kwong Chan', 'service': 'presbot', 'purpose': 'external_service', 'iat': 1754401163, 'exp': 1754401463, 'aud': 'presbot', 'iss': 'dash-portal'}
2025-08-05 09:39:23,488 - config.config - INFO - User authenticated successfully: c.chan@northeastern.edu
2025-08-05 09:40:38,515 - config.config - INFO - Successfully uploaded original to MinIO: https://minio.dashlab.studio/presbotclone/688ce4e3b232f19bc4c5ed74/originals/original_1754415638.wav
2025-08-05 09:40:38,516 - config.config - INFO - Successfully stored original metadata in database: 689209d6a63e4aaafedc0643
2025-08-05 09:40:58,887 - faster_whisper - INFO - Processing audio with duration 00:10.740
2025-08-05 09:41:09,877 - faster_whisper - INFO - Detected language 'en' with probability 0.98
2025-08-05 09:43:02,734 - faster_whisper - INFO - Processing audio with duration 00:10.740
2025-08-05 09:43:02,844 - faster_whisper - INFO - Detected language 'en' with probability 0.98
2025-08-05 09:43:52,236 - config.config - INFO - Successfully uploaded original to MinIO: https://minio.dashlab.studio/presbotclone/688ce4e3b232f19bc4c5ed74/originals/original_1754415832.wav
2025-08-05 09:43:52,237 - config.config - INFO - Successfully stored original metadata in database: 68920a98a63e4aaafedc0646
2025-08-05 09:44:04,759 - faster_whisper - INFO - Processing audio with duration 00:14.100
2025-08-05 09:44:04,873 - faster_whisper - INFO - Detected language 'en' with probability 0.95
2025-08-05 09:46:13,028 - config.config - INFO - === CLONE REQUEST STARTED ===
2025-08-05 09:46:13,211 - config.config - INFO - Original audio - duration: 14.10 seconds
2025-08-05 09:46:13,211 - config.config - INFO - Original audio - sample_rate: 48000Hz
2025-08-05 09:46:13,498 - config.config - INFO - Best 12s segment - duration: 12.00 seconds
2025-08-05 09:46:13,498 - config.config - INFO - Best 12s segment - energy: 227115188.00
2025-08-05 09:46:13,500 - config.config - INFO - Transcribing 12-second clipped audio with Whisper...
2025-08-05 09:46:13,709 - faster_whisper - INFO - Processing audio with duration 00:12.000
2025-08-05 09:46:13,823 - faster_whisper - INFO - Detected language 'en' with probability 0.94
2025-08-05 09:46:17,289 - config.config - INFO - Whisper transcription of 12s clip: ' The Wolf and Red Riding Hood. Red Riding Hood was related to the princess who is famous with the P. However, Red Riding Hood had less sensitivity to her environment'
2025-08-05 09:46:17,290 - config.config - INFO - === F5-TTS COMMAND EXECUTION ===
2025-08-05 09:46:17,290 - config.config - INFO - Command: python3 src/f5_tts/infer/infer_cli.py --gen_text The Wolf and Red Riding Hood. Red Riding Hood was related to the princess who is famous with the P. However, Red Riding Hood had less sensitivity to her environment and was at risk of being eaten by a wolf. . This is because she was less aware of her surroundings, and the wolf was able to trick her easily. . The story highlights the importance of being aware of one's environment and being cautious when interacting with strangers. . This is a lesson that can be applied to many areas of life, including business and personal relationships. . In conclusion, the story of Red Riding Hood is a cautionary tale that reminds us of the importance of being aware of our surroundings and being cautious when interacting with others. . --ref_audio /tmp/tmp9cq5nuhx_ref.wav --ref_text /tmp/tmp5_d7z7cj_ref.txt --output_dir /tmp --output_file tmp5wkrprmh_clone.wav --speed 1.0 --nfe_step 32 --cross_fade_duration 0.15
2025-08-05 09:46:17,290 - config.config - INFO - Expected output path: /tmp/tmp5wkrprmh_clone.wav
2025-08-05 09:46:17,290 - config.config - INFO - Expected output duration: 53.02s
2025-08-05 09:46:24,223 - config.config - ERROR - === CLONE REQUEST FAILED ===
2025-08-05 09:46:24,223 - config.config - ERROR - Error: Command '['python3', 'src/f5_tts/infer/infer_cli.py', '--gen_text', "The Wolf and Red Riding Hood. Red Riding Hood was related to the princess who is famous with the P. However, Red Riding Hood had less sensitivity to her environment and was at risk of being eaten by a wolf. . This is because she was less aware of her surroundings, and the wolf was able to trick her easily. . The story highlights the importance of being aware of one's environment and being cautious when interacting with strangers. . This is a lesson that can be applied to many areas of life, including business and personal relationships. . In conclusion, the story of Red Riding Hood is a cautionary tale that reminds us of the importance of being aware of our surroundings and being cautious when interacting with others. .", '--ref_audio', '/tmp/tmp9cq5nuhx_ref.wav', '--ref_text', '/tmp/tmp5_d7z7cj_ref.txt', '--output_dir', '/tmp', '--output_file', 'tmp5wkrprmh_clone.wav', '--speed', '1.0', '--nfe_step', '32', '--cross_fade_duration', '0.15']' returned non-zero exit status 1.
2025-08-05 09:46:24,223 - config.config - ERROR - Exception type: CalledProcessError
2025-08-05 09:46:24,233 - config.config - ERROR - Traceback: Traceback (most recent call last):
  File "/opt/presBot/api/app.py", line 445, in clone_voice
    result = subprocess.run(command, check=True,
             ^^^^^^^^^^^^^^^^^^^^^^^^^^^^^^^^^^^
  File "/usr/lib/python3.12/subprocess.py", line 571, in run
    raise CalledProcessError(retcode, process.args,
subprocess.CalledProcessError: Command '['python3', 'src/f5_tts/infer/infer_cli.py', '--gen_text', "The Wolf and Red Riding Hood. Red Riding Hood was related to the princess who is famous with the P. However, Red Riding Hood had less sensitivity to her environment and was at risk of being eaten by a wolf. . This is because she was less aware of her surroundings, and the wolf was able to trick her easily. . The story highlights the importance of being aware of one's environment and being cautious when interacting with strangers. . This is a lesson that can be applied to many areas of life, including business and personal relationships. . In conclusion, the story of Red Riding Hood is a cautionary tale that reminds us of the importance of being aware of our surroundings and being cautious when interacting with others. .", '--ref_audio', '/tmp/tmp9cq5nuhx_ref.wav', '--ref_text', '/tmp/tmp5_d7z7cj_ref.txt', '--output_dir', '/tmp', '--output_file', 'tmp5wkrprmh_clone.wav', '--speed', '1.0', '--nfe_step', '32', '--cross_fade_duration', '0.15']' returned non-zero exit status 1.

2025-08-05 09:46:36,849 - config.config - INFO - === CLONE REQUEST STARTED ===
2025-08-05 09:46:36,970 - config.config - INFO - Original audio - duration: 14.10 seconds
2025-08-05 09:46:36,970 - config.config - INFO - Original audio - sample_rate: 48000Hz
2025-08-05 09:46:37,234 - config.config - INFO - Best 12s segment - duration: 12.00 seconds
2025-08-05 09:46:37,235 - config.config - INFO - Best 12s segment - energy: 227115188.00
2025-08-05 09:46:37,236 - config.config - INFO - Transcribing 12-second clipped audio with Whisper...
2025-08-05 09:46:37,455 - faster_whisper - INFO - Processing audio with duration 00:12.000
2025-08-05 09:46:37,559 - faster_whisper - INFO - Detected language 'en' with probability 0.94
2025-08-05 09:46:41,046 - config.config - INFO - Whisper transcription of 12s clip: ' The Wolf and Red Riding Hood. Red Riding Hood was related to the princess who is famous with the P. However, Red Riding Hood had less sensitivity to her environment'
2025-08-05 09:46:41,046 - config.config - INFO - === F5-TTS COMMAND EXECUTION ===
2025-08-05 09:46:41,046 - config.config - INFO - Command: python3 src/f5_tts/infer/infer_cli.py --gen_text The Wolf and Red Riding Hood. Red Riding Hood was related to the princess who is famous with the P. However, Red Riding Hood had less sensitivity to her environment and was at risk of being eaten by a wolf. . This is because she was less aware of her surroundings, and the wolf was able to trick her easily. . The story highlights the importance of being aware of one's environment and being cautious when interacting with strangers. . This is a lesson that can be applied to many areas of life, including business and personal relationships. . In conclusion, the story of Red Riding Hood is a cautionary tale that reminds us of the importance of being aware of our surroundings and being cautious when interacting with others. . --ref_audio /tmp/tmpnpnmq_5p_ref.wav --ref_text /tmp/tmp4ju18i94_ref.txt --output_dir /tmp --output_file tmpzu82xsbq_clone.wav --speed 1.0 --nfe_step 32 --cross_fade_duration 0.15
2025-08-05 09:46:41,046 - config.config - INFO - Expected output path: /tmp/tmpzu82xsbq_clone.wav
2025-08-05 09:46:41,046 - config.config - INFO - Expected output duration: 53.02s
2025-08-05 09:46:48,045 - config.config - ERROR - === CLONE REQUEST FAILED ===
2025-08-05 09:46:48,045 - config.config - ERROR - Error: Command '['python3', 'src/f5_tts/infer/infer_cli.py', '--gen_text', "The Wolf and Red Riding Hood. Red Riding Hood was related to the princess who is famous with the P. However, Red Riding Hood had less sensitivity to her environment and was at risk of being eaten by a wolf. . This is because she was less aware of her surroundings, and the wolf was able to trick her easily. . The story highlights the importance of being aware of one's environment and being cautious when interacting with strangers. . This is a lesson that can be applied to many areas of life, including business and personal relationships. . In conclusion, the story of Red Riding Hood is a cautionary tale that reminds us of the importance of being aware of our surroundings and being cautious when interacting with others. .", '--ref_audio', '/tmp/tmpnpnmq_5p_ref.wav', '--ref_text', '/tmp/tmp4ju18i94_ref.txt', '--output_dir', '/tmp', '--output_file', 'tmpzu82xsbq_clone.wav', '--speed', '1.0', '--nfe_step', '32', '--cross_fade_duration', '0.15']' returned non-zero exit status 1.
2025-08-05 09:46:48,045 - config.config - ERROR - Exception type: CalledProcessError
2025-08-05 09:46:48,046 - config.config - ERROR - Traceback: Traceback (most recent call last):
  File "/opt/presBot/api/app.py", line 445, in clone_voice
    result = subprocess.run(command, check=True,
             ^^^^^^^^^^^^^^^^^^^^^^^^^^^^^^^^^^^
  File "/usr/lib/python3.12/subprocess.py", line 571, in run
    raise CalledProcessError(retcode, process.args,
subprocess.CalledProcessError: Command '['python3', 'src/f5_tts/infer/infer_cli.py', '--gen_text', "The Wolf and Red Riding Hood. Red Riding Hood was related to the princess who is famous with the P. However, Red Riding Hood had less sensitivity to her environment and was at risk of being eaten by a wolf. . This is because she was less aware of her surroundings, and the wolf was able to trick her easily. . The story highlights the importance of being aware of one's environment and being cautious when interacting with strangers. . This is a lesson that can be applied to many areas of life, including business and personal relationships. . In conclusion, the story of Red Riding Hood is a cautionary tale that reminds us of the importance of being aware of our surroundings and being cautious when interacting with others. .", '--ref_audio', '/tmp/tmpnpnmq_5p_ref.wav', '--ref_text', '/tmp/tmp4ju18i94_ref.txt', '--output_dir', '/tmp', '--output_file', 'tmpzu82xsbq_clone.wav', '--speed', '1.0', '--nfe_step', '32', '--cross_fade_duration', '0.15']' returned non-zero exit status 1.

2025-08-05 09:47:25,025 - config.config - INFO - === CLONE REQUEST STARTED ===
2025-08-05 09:47:25,147 - config.config - INFO - Original audio - duration: 14.10 seconds
2025-08-05 09:47:25,147 - config.config - INFO - Original audio - sample_rate: 48000Hz
2025-08-05 09:47:25,409 - config.config - INFO - Best 12s segment - duration: 12.00 seconds
2025-08-05 09:47:25,409 - config.config - INFO - Best 12s segment - energy: 227115188.00
2025-08-05 09:47:25,411 - config.config - INFO - Transcribing 12-second clipped audio with Whisper...
2025-08-05 09:47:25,616 - faster_whisper - INFO - Processing audio with duration 00:12.000
2025-08-05 09:47:25,728 - faster_whisper - INFO - Detected language 'en' with probability 0.94
2025-08-05 09:47:29,188 - config.config - INFO - Whisper transcription of 12s clip: ' The Wolf and Red Riding Hood. Red Riding Hood was related to the princess who is famous with the P. However, Red Riding Hood had less sensitivity to her environment'
2025-08-05 09:47:29,188 - config.config - INFO - === F5-TTS COMMAND EXECUTION ===
2025-08-05 09:47:29,188 - config.config - INFO - Command: python3 src/f5_tts/infer/infer_cli.py --gen_text The Wolf and Red Riding Hood. Red Riding Hood was related to the princess who is famous with the P. However, Red Riding Hood had less sensitivity to her environment and was at risk of being eaten by a wolf. . --ref_audio /tmp/tmpaji7o40g_ref.wav --ref_text /tmp/tmpglqgppvi_ref.txt --output_dir /tmp --output_file tmpq_iz7sef_clone.wav --speed 1.0 --nfe_step 32 --cross_fade_duration 0.15
2025-08-05 09:47:29,188 - config.config - INFO - Expected output path: /tmp/tmpq_iz7sef_clone.wav
2025-08-05 09:47:29,189 - config.config - INFO - Expected output duration: 15.13s
2025-08-05 09:47:36,005 - config.config - ERROR - === CLONE REQUEST FAILED ===
2025-08-05 09:47:36,005 - config.config - ERROR - Error: Command '['python3', 'src/f5_tts/infer/infer_cli.py', '--gen_text', 'The Wolf and Red Riding Hood. Red Riding Hood was related to the princess who is famous with the P. However, Red Riding Hood had less sensitivity to her environment and was at risk of being eaten by a wolf. .', '--ref_audio', '/tmp/tmpaji7o40g_ref.wav', '--ref_text', '/tmp/tmpglqgppvi_ref.txt', '--output_dir', '/tmp', '--output_file', 'tmpq_iz7sef_clone.wav', '--speed', '1.0', '--nfe_step', '32', '--cross_fade_duration', '0.15']' returned non-zero exit status 1.
2025-08-05 09:47:36,005 - config.config - ERROR - Exception type: CalledProcessError
2025-08-05 09:47:36,005 - config.config - ERROR - Traceback: Traceback (most recent call last):
  File "/opt/presBot/api/app.py", line 445, in clone_voice
    result = subprocess.run(command, check=True,
             ^^^^^^^^^^^^^^^^^^^^^^^^^^^^^^^^^^^
  File "/usr/lib/python3.12/subprocess.py", line 571, in run
    raise CalledProcessError(retcode, process.args,
subprocess.CalledProcessError: Command '['python3', 'src/f5_tts/infer/infer_cli.py', '--gen_text', 'The Wolf and Red Riding Hood. Red Riding Hood was related to the princess who is famous with the P. However, Red Riding Hood had less sensitivity to her environment and was at risk of being eaten by a wolf. .', '--ref_audio', '/tmp/tmpaji7o40g_ref.wav', '--ref_text', '/tmp/tmpglqgppvi_ref.txt', '--output_dir', '/tmp', '--output_file', 'tmpq_iz7sef_clone.wav', '--speed', '1.0', '--nfe_step', '32', '--cross_fade_duration', '0.15']' returned non-zero exit status 1.

2025-08-05 09:52:31,323 - config.config - INFO - JWT payload decoded successfully: {'id': '688ce4e3b232f19bc4c5ed74', 'email': 'c.chan@northeastern.edu', 'username': 'c.chan', 'name': 'Kwong Chan', 'service': 'presbot', 'purpose': 'external_service', 'iat': 1754401951, 'exp': 1754402251, 'aud': 'presbot', 'iss': 'dash-portal'}
2025-08-05 09:52:31,323 - config.config - INFO - User authenticated successfully: c.chan@northeastern.edu
2025-08-05 09:52:52,203 - config.config - INFO - JWT payload decoded successfully: {'id': '688ce4e3b232f19bc4c5ed74', 'email': 'c.chan@northeastern.edu', 'username': 'c.chan', 'name': 'Kwong Chan', 'service': 'presbot', 'purpose': 'external_service', 'iat': 1754401972, 'exp': 1754402272, 'aud': 'presbot', 'iss': 'dash-portal'}
2025-08-05 09:52:52,208 - config.config - INFO - User authenticated successfully: c.chan@northeastern.edu
2025-08-05 09:53:36,020 - faster_whisper - INFO - Processing audio with duration 00:14.100
2025-08-05 09:53:36,286 - faster_whisper - INFO - Detected language 'en' with probability 0.95
2025-08-05 09:54:34,076 - config.config - INFO - === CLONE REQUEST STARTED ===
2025-08-05 09:54:34,225 - config.config - INFO - Original audio - duration: 14.10 seconds
2025-08-05 09:54:34,225 - config.config - INFO - Original audio - sample_rate: 48000Hz
2025-08-05 09:54:34,491 - config.config - INFO - Best 12s segment - duration: 12.00 seconds
2025-08-05 09:54:34,491 - config.config - INFO - Best 12s segment - energy: 227115188.00
2025-08-05 09:54:34,493 - config.config - INFO - Transcribing 12-second clipped audio with Whisper...
2025-08-05 09:54:34,708 - faster_whisper - INFO - Processing audio with duration 00:12.000
2025-08-05 09:54:34,824 - faster_whisper - INFO - Detected language 'en' with probability 0.94
2025-08-05 09:54:38,300 - config.config - INFO - Whisper transcription of 12s clip: ' The Wolf and Red Riding Hood. Red Riding Hood was related to the princess who is famous with the P. However, Red Riding Hood had less sensitivity to her environment'
2025-08-05 09:54:38,300 - config.config - INFO - === F5-TTS COMMAND EXECUTION ===
2025-08-05 09:54:38,300 - config.config - INFO - Command: python3 src/f5_tts/infer/infer_cli.py --gen_text The Wolf and Red Riding Hood. Red Riding Hood was related to the princess who is famous with the P. However, Red Riding Hood had less sensitivity to her environment and was at risk of being eaten by a wolf. . This is a classic tale that highlights the importance of being aware of one's surroundings. . The wolf, being the antagonist, represents the unknown danger that lurks in the world. . On the other hand, Red Riding Hood, despite her innocence, shows a lack of awareness that puts her at risk. . This tale teaches us a valuable lesson about being mindful of our environment and the potential dangers that come with it. . In conclusion, The Wolf and Red Riding Hood is a timeless tale that continues to captivate audiences with its themes of awareness and danger. --ref_audio /tmp/tmpmum9lkw2_ref.wav --ref_text /tmp/tmpqtbvpexr_ref.txt --output_dir /tmp --output_file tmpl0lfewf3_clone.wav --speed 1.0 --nfe_step 32 --cross_fade_duration 0.15
2025-08-05 09:54:38,300 - config.config - INFO - Expected output path: /tmp/tmpl0lfewf3_clone.wav
2025-08-05 09:54:38,300 - config.config - INFO - Expected output duration: 55.85s
2025-08-05 09:54:44,946 - config.config - ERROR - === CLONE REQUEST FAILED ===
2025-08-05 09:54:44,946 - config.config - ERROR - Error: Command '['python3', 'src/f5_tts/infer/infer_cli.py', '--gen_text', "The Wolf and Red Riding Hood. Red Riding Hood was related to the princess who is famous with the P. However, Red Riding Hood had less sensitivity to her environment and was at risk of being eaten by a wolf. . This is a classic tale that highlights the importance of being aware of one's surroundings. . The wolf, being the antagonist, represents the unknown danger that lurks in the world. . On the other hand, Red Riding Hood, despite her innocence, shows a lack of awareness that puts her at risk. . This tale teaches us a valuable lesson about being mindful of our environment and the potential dangers that come with it. . In conclusion, The Wolf and Red Riding Hood is a timeless tale that continues to captivate audiences with its themes of awareness and danger.", '--ref_audio', '/tmp/tmpmum9lkw2_ref.wav', '--ref_text', '/tmp/tmpqtbvpexr_ref.txt', '--output_dir', '/tmp', '--output_file', 'tmpl0lfewf3_clone.wav', '--speed', '1.0', '--nfe_step', '32', '--cross_fade_duration', '0.15']' returned non-zero exit status 1.
2025-08-05 09:54:44,946 - config.config - ERROR - Exception type: CalledProcessError
2025-08-05 09:54:44,947 - config.config - ERROR - Traceback: Traceback (most recent call last):
  File "/opt/presBot/api/app.py", line 445, in clone_voice
    result = subprocess.run(command, check=True,
             ^^^^^^^^^^^^^^^^^^^^^^^^^^^^^^^^^^^
  File "/usr/lib/python3.12/subprocess.py", line 571, in run
    raise CalledProcessError(retcode, process.args,
subprocess.CalledProcessError: Command '['python3', 'src/f5_tts/infer/infer_cli.py', '--gen_text', "The Wolf and Red Riding Hood. Red Riding Hood was related to the princess who is famous with the P. However, Red Riding Hood had less sensitivity to her environment and was at risk of being eaten by a wolf. . This is a classic tale that highlights the importance of being aware of one's surroundings. . The wolf, being the antagonist, represents the unknown danger that lurks in the world. . On the other hand, Red Riding Hood, despite her innocence, shows a lack of awareness that puts her at risk. . This tale teaches us a valuable lesson about being mindful of our environment and the potential dangers that come with it. . In conclusion, The Wolf and Red Riding Hood is a timeless tale that continues to captivate audiences with its themes of awareness and danger.", '--ref_audio', '/tmp/tmpmum9lkw2_ref.wav', '--ref_text', '/tmp/tmpqtbvpexr_ref.txt', '--output_dir', '/tmp', '--output_file', 'tmpl0lfewf3_clone.wav', '--speed', '1.0', '--nfe_step', '32', '--cross_fade_duration', '0.15']' returned non-zero exit status 1.

2025-08-05 10:03:13,401 - config.config - INFO - JWT payload decoded successfully: {'id': '688a3d35efb247c59bd5a5ea', 'email': 'corriea.k@northeastern.edu', 'username': 'corriea.k', 'name': 'Kris Elias Corriea', 'service': 'presbot', 'purpose': 'external_service', 'iat': 1754402592, 'exp': 1754402892, 'aud': 'presbot', 'iss': 'dash-portal'}
2025-08-05 10:03:13,407 - config.config - INFO - User authenticated successfully: corriea.k@northeastern.edu
2025-08-05 10:04:28,225 - config.config - INFO - === CLONE REQUEST STARTED ===
2025-08-05 10:04:28,270 - config.config - INFO - Original audio - duration: 11.98 seconds
2025-08-05 10:04:28,270 - config.config - INFO - Original audio - sample_rate: 44100Hz
2025-08-05 10:04:28,501 - config.config - INFO - Best 12s segment - duration: 11.98 seconds
2025-08-05 10:04:28,502 - config.config - INFO - Best 12s segment - energy: 1254.00
2025-08-05 10:04:28,512 - config.config - INFO - Transcribing 12-second clipped audio with Whisper...
2025-08-05 10:04:28,739 - faster_whisper - INFO - Processing audio with duration 00:11.981
2025-08-05 10:04:29,062 - faster_whisper - INFO - Detected language 'en' with probability 1.00
2025-08-05 10:04:31,224 - config.config - INFO - Whisper transcription of 12s clip: ' Okay, welcome back to database marketing. This week, we will review some of the important statistical concepts that we need to keep in mind while we progress through this course.'
2025-08-05 10:04:31,225 - config.config - INFO - === F5-TTS COMMAND EXECUTION ===
2025-08-05 10:04:31,225 - config.config - INFO - Command: python3 src/f5_tts/infer/infer_cli.py --gen_text Hey, this is a test of my voice. Today is the fifth of august twenty twenty five. --ref_audio /tmp/tmpqt_taibt_ref.wav --ref_text /tmp/tmp47gzajfw_ref.txt --output_dir /tmp --output_file tmpm4o23ibh_clone.wav --speed 1.0 --nfe_step 32 --cross_fade_duration 0.15
2025-08-05 10:04:31,225 - config.config - INFO - Expected output path: /tmp/tmpm4o23ibh_clone.wav
2025-08-05 10:04:31,225 - config.config - INFO - Expected output duration: 5.42s
2025-08-05 10:04:38,115 - config.config - ERROR - === CLONE REQUEST FAILED ===
2025-08-05 10:04:38,115 - config.config - ERROR - Error: Command '['python3', 'src/f5_tts/infer/infer_cli.py', '--gen_text', 'Hey, this is a test of my voice. Today is the fifth of august twenty twenty five.', '--ref_audio', '/tmp/tmpqt_taibt_ref.wav', '--ref_text', '/tmp/tmp47gzajfw_ref.txt', '--output_dir', '/tmp', '--output_file', 'tmpm4o23ibh_clone.wav', '--speed', '1.0', '--nfe_step', '32', '--cross_fade_duration', '0.15']' returned non-zero exit status 1.
2025-08-05 10:04:38,115 - config.config - ERROR - Exception type: CalledProcessError
2025-08-05 10:04:38,116 - config.config - ERROR - Traceback: Traceback (most recent call last):
  File "/opt/presBot/api/app.py", line 445, in clone_voice
    result = subprocess.run(command, check=True,
             ^^^^^^^^^^^^^^^^^^^^^^^^^^^^^^^^^^^
  File "/usr/lib/python3.12/subprocess.py", line 571, in run
    raise CalledProcessError(retcode, process.args,
subprocess.CalledProcessError: Command '['python3', 'src/f5_tts/infer/infer_cli.py', '--gen_text', 'Hey, this is a test of my voice. Today is the fifth of august twenty twenty five.', '--ref_audio', '/tmp/tmpqt_taibt_ref.wav', '--ref_text', '/tmp/tmp47gzajfw_ref.txt', '--output_dir', '/tmp', '--output_file', 'tmpm4o23ibh_clone.wav', '--speed', '1.0', '--nfe_step', '32', '--cross_fade_duration', '0.15']' returned non-zero exit status 1.

2025-08-05 10:09:38,704 - config.config - INFO - === CLONE REQUEST STARTED ===
2025-08-05 10:09:38,743 - config.config - INFO - Original audio - duration: 11.98 seconds
2025-08-05 10:09:38,743 - config.config - INFO - Original audio - sample_rate: 44100Hz
2025-08-05 10:09:38,954 - config.config - INFO - Best 12s segment - duration: 11.98 seconds
2025-08-05 10:09:38,954 - config.config - INFO - Best 12s segment - energy: 1254.00
2025-08-05 10:09:38,956 - config.config - INFO - Transcribing 12-second clipped audio with Whisper...
2025-08-05 10:09:39,203 - faster_whisper - INFO - Processing audio with duration 00:11.981
2025-08-05 10:09:39,323 - faster_whisper - INFO - Detected language 'en' with probability 1.00
2025-08-05 10:09:41,447 - config.config - INFO - Whisper transcription of 12s clip: ' Okay, welcome back to database marketing. This week, we will review some of the important statistical concepts that we need to keep in mind while we progress through this course.'
2025-08-05 10:09:41,448 - config.config - INFO - === F5-TTS COMMAND EXECUTION ===
2025-08-05 10:09:41,448 - config.config - INFO - Command: python3 src/f5_tts/infer/infer_cli.py --gen_text Hey, this is a test of my voice. Today is the fifth of august twenty twenty five. --ref_audio /tmp/tmp1v9kj1hs_ref.wav --ref_text /tmp/tmpy10ezgtg_ref.txt --output_dir /tmp --output_file tmp2kv_94wg_clone.wav --speed 1.0 --nfe_step 32 --cross_fade_duration 0.15
2025-08-05 10:09:41,448 - config.config - INFO - Expected output path: /tmp/tmp2kv_94wg_clone.wav
2025-08-05 10:09:41,448 - config.config - INFO - Expected output duration: 5.42s
2025-08-05 10:09:48,680 - config.config - ERROR - === CLONE REQUEST FAILED ===
2025-08-05 10:09:48,680 - config.config - ERROR - Error: Command '['python3', 'src/f5_tts/infer/infer_cli.py', '--gen_text', 'Hey, this is a test of my voice. Today is the fifth of august twenty twenty five.', '--ref_audio', '/tmp/tmp1v9kj1hs_ref.wav', '--ref_text', '/tmp/tmpy10ezgtg_ref.txt', '--output_dir', '/tmp', '--output_file', 'tmp2kv_94wg_clone.wav', '--speed', '1.0', '--nfe_step', '32', '--cross_fade_duration', '0.15']' returned non-zero exit status 1.
2025-08-05 10:09:48,680 - config.config - ERROR - Exception type: CalledProcessError
2025-08-05 10:09:48,680 - config.config - ERROR - Traceback: Traceback (most recent call last):
  File "/opt/presBot/api/app.py", line 445, in clone_voice
    result = subprocess.run(command, check=True,
             ^^^^^^^^^^^^^^^^^^^^^^^^^^^^^^^^^^^
  File "/usr/lib/python3.12/subprocess.py", line 571, in run
    raise CalledProcessError(retcode, process.args,
subprocess.CalledProcessError: Command '['python3', 'src/f5_tts/infer/infer_cli.py', '--gen_text', 'Hey, this is a test of my voice. Today is the fifth of august twenty twenty five.', '--ref_audio', '/tmp/tmp1v9kj1hs_ref.wav', '--ref_text', '/tmp/tmpy10ezgtg_ref.txt', '--output_dir', '/tmp', '--output_file', 'tmp2kv_94wg_clone.wav', '--speed', '1.0', '--nfe_step', '32', '--cross_fade_duration', '0.15']' returned non-zero exit status 1.

2025-08-05 10:12:47,463 - config.config - INFO - JWT payload decoded successfully: {'id': '688a3d35efb247c59bd5a5ea', 'email': 'corriea.k@northeastern.edu', 'username': 'corriea.k', 'name': 'Kris Elias Corriea', 'service': 'presbot', 'purpose': 'external_service', 'iat': 1754403167, 'exp': 1754403467, 'aud': 'presbot', 'iss': 'dash-portal'}
2025-08-05 10:12:47,468 - config.config - INFO - User authenticated successfully: corriea.k@northeastern.edu
2025-08-05 10:13:39,552 - config.config - INFO - === CLONE REQUEST STARTED ===
2025-08-05 10:13:39,565 - config.config - INFO - Original audio - duration: 11.98 seconds
2025-08-05 10:13:39,565 - config.config - INFO - Original audio - sample_rate: 44100Hz
2025-08-05 10:13:39,772 - config.config - INFO - Best 12s segment - duration: 11.98 seconds
2025-08-05 10:13:39,773 - config.config - INFO - Best 12s segment - energy: 1254.00
2025-08-05 10:13:39,774 - config.config - INFO - Transcribing 12-second clipped audio with Whisper...
2025-08-05 10:13:40,005 - faster_whisper - INFO - Processing audio with duration 00:11.981
2025-08-05 10:13:40,340 - faster_whisper - INFO - Detected language 'en' with probability 1.00
2025-08-05 10:13:42,508 - config.config - INFO - Whisper transcription of 12s clip: ' Okay, welcome back to database marketing. This week, we will review some of the important statistical concepts that we need to keep in mind while we progress through this course.'
2025-08-05 10:13:42,508 - config.config - INFO - === F5-TTS COMMAND EXECUTION ===
2025-08-05 10:13:42,508 - config.config - INFO - Command: python3 src/f5_tts/infer/infer_cli.py --gen_text Hey, this is a test of my voice. Today is the fifth of august twenty twenty five. --ref_audio /tmp/tmp9hsmupt0_ref.wav --ref_text /tmp/tmpg7e428qq_ref.txt --output_dir /tmp --output_file tmpu9cgm_vb_clone.wav --speed 1.0 --nfe_step 32 --cross_fade_duration 0.15
2025-08-05 10:13:42,508 - config.config - INFO - Expected output path: /tmp/tmpu9cgm_vb_clone.wav
2025-08-05 10:13:42,508 - config.config - INFO - Expected output duration: 5.42s
2025-08-05 10:13:49,284 - config.config - ERROR - F5-TTS command failed with exit code 1
2025-08-05 10:13:49,284 - config.config - ERROR - F5-TTS stdout: Download Vocos from huggingface charactr/vocos-mel-24khz
Using F5TTS_v1_Base...

vocab :  /opt/presBot/src/f5_tts/infer/examples/vocab.txt
token :  custom
model :  /home/het_p/.cache/huggingface/hub/models--SWivid--F5-TTS/snapshots/84e5a410d9cead4de2f847e7c9369a6440bdfaca/F5TTS_v1_Base/model_1250000.safetensors 


2025-08-05 10:13:49,284 - config.config - ERROR - F5-TTS stderr: /opt/presBot/venv/lib/python3.12/site-packages/jieba/_compat.py:18: UserWarning: pkg_resources is deprecated as an API. See https://setuptools.pypa.io/en/latest/pkg_resources.html. The pkg_resources package is slated for removal as early as 2025-11-30. Refrain from using this package or pin to Setuptools<81.
  import pkg_resources
/opt/presBot/venv/lib/python3.12/site-packages/torch/cuda/__init__.py:287: UserWarning: 
NVIDIA RTX PRO 6000 Blackwell Workstation Edition with CUDA capability sm_120 is not compatible with the current PyTorch installation.
The current PyTorch install supports CUDA capabilities sm_50 sm_60 sm_70 sm_75 sm_80 sm_86 sm_90.
If you want to use the NVIDIA RTX PRO 6000 Blackwell Workstation Edition GPU with PyTorch, please check the instructions at https://pytorch.org/get-started/locally/

  warnings.warn(
Traceback (most recent call last):
  File "/opt/presBot/src/f5_tts/infer/infer_cli.py", line 295, in <module>
    ema_model = load_model(
                ^^^^^^^^^^^
  File "/opt/presBot/src/f5_tts/infer/utils_infer.py", line 272, in load_model
    model = load_checkpoint(model, ckpt_path, device, dtype=dtype, use_ema=use_ema)
            ^^^^^^^^^^^^^^^^^^^^^^^^^^^^^^^^^^^^^^^^^^^^^^^^^^^^^^^^^^^^^^^^^^^^^^^
  File "/opt/presBot/src/f5_tts/infer/utils_infer.py", line 197, in load_checkpoint
    model = model.to(dtype)
            ^^^^^^^^^^^^^^^
  File "/opt/presBot/venv/lib/python3.12/site-packages/torch/nn/modules/module.py", line 1355, in to
    return self._apply(convert)
           ^^^^^^^^^^^^^^^^^^^^
  File "/opt/presBot/venv/lib/python3.12/site-packages/torch/nn/modules/module.py", line 915, in _apply
    module._apply(fn)
  File "/opt/presBot/venv/lib/python3.12/site-packages/torch/nn/modules/module.py", line 915, in _apply
    module._apply(fn)
  File "/opt/presBot/venv/lib/python3.12/site-packages/torch/nn/modules/module.py", line 915, in _apply
    module._apply(fn)
  [Previous line repeated 1 more time]
  File "/opt/presBot/venv/lib/python3.12/site-packages/torch/nn/modules/module.py", line 942, in _apply
    param_applied = fn(param)
                    ^^^^^^^^^
  File "/opt/presBot/venv/lib/python3.12/site-packages/torch/nn/modules/module.py", line 1341, in convert
    return t.to(
           ^^^^^
RuntimeError: CUDA error: no kernel image is available for execution on the device
CUDA kernel errors might be asynchronously reported at some other API call, so the stacktrace below might be incorrect.
For debugging consider passing CUDA_LAUNCH_BLOCKING=1
Compile with `TORCH_USE_CUDA_DSA` to enable device-side assertions.


2025-08-05 10:13:49,284 - config.config - ERROR - === CLONE REQUEST FAILED ===
2025-08-05 10:13:49,284 - config.config - ERROR - Error: Command '['python3', 'src/f5_tts/infer/infer_cli.py', '--gen_text', 'Hey, this is a test of my voice. Today is the fifth of august twenty twenty five.', '--ref_audio', '/tmp/tmp9hsmupt0_ref.wav', '--ref_text', '/tmp/tmpg7e428qq_ref.txt', '--output_dir', '/tmp', '--output_file', 'tmpu9cgm_vb_clone.wav', '--speed', '1.0', '--nfe_step', '32', '--cross_fade_duration', '0.15']' returned non-zero exit status 1.
2025-08-05 10:13:49,284 - config.config - ERROR - Exception type: CalledProcessError
2025-08-05 10:13:49,285 - config.config - ERROR - Traceback: Traceback (most recent call last):
  File "/opt/presBot/api/app.py", line 446, in clone_voice
    result = subprocess.run(command, check=True,
             ^^^^^^^^^^^^^^^^^^^^^^^^^^^^^^^^^^^
  File "/usr/lib/python3.12/subprocess.py", line 571, in run
    raise CalledProcessError(retcode, process.args,
subprocess.CalledProcessError: Command '['python3', 'src/f5_tts/infer/infer_cli.py', '--gen_text', 'Hey, this is a test of my voice. Today is the fifth of august twenty twenty five.', '--ref_audio', '/tmp/tmp9hsmupt0_ref.wav', '--ref_text', '/tmp/tmpg7e428qq_ref.txt', '--output_dir', '/tmp', '--output_file', 'tmpu9cgm_vb_clone.wav', '--speed', '1.0', '--nfe_step', '32', '--cross_fade_duration', '0.15']' returned non-zero exit status 1.

2025-08-05 10:22:48,315 - config.config - INFO - JWT payload decoded successfully: {'id': '688a3d35efb247c59bd5a5ea', 'email': 'corriea.k@northeastern.edu', 'username': 'corriea.k', 'name': 'Kris Elias Corriea', 'service': 'presbot', 'purpose': 'external_service', 'iat': 1754403767, 'exp': 1754404067, 'aud': 'presbot', 'iss': 'dash-portal'}
2025-08-05 10:22:48,320 - config.config - INFO - User authenticated successfully: corriea.k@northeastern.edu
2025-08-05 10:23:18,318 - config.config - INFO - === CLONE REQUEST STARTED ===
2025-08-05 10:23:18,357 - config.config - INFO - Original audio - duration: 11.98 seconds
2025-08-05 10:23:18,357 - config.config - INFO - Original audio - sample_rate: 44100Hz
2025-08-05 10:23:18,569 - config.config - INFO - Best 12s segment - duration: 11.98 seconds
2025-08-05 10:23:18,570 - config.config - INFO - Best 12s segment - energy: 1254.00
2025-08-05 10:23:18,571 - config.config - INFO - Transcribing 12-second clipped audio with Whisper...
2025-08-05 10:23:18,808 - faster_whisper - INFO - Processing audio with duration 00:11.981
2025-08-05 10:23:19,093 - faster_whisper - INFO - Detected language 'en' with probability 1.00
2025-08-05 10:23:19,405 - config.config - INFO - Whisper transcription of 12s clip: ' Okay, welcome back to database marketing. This week, we will review some of the important statistical concepts that we need to keep in mind while we progress through this course.'
2025-08-05 10:23:19,405 - config.config - INFO - === F5-TTS COMMAND EXECUTION ===
2025-08-05 10:23:19,405 - config.config - INFO - Command: python3 src/f5_tts/infer/infer_cli.py --gen_text Hey, this is a test of my voice. Today is the fifth of august twenty twenty five. --ref_audio /tmp/tmp1iny2lnp_ref.wav --ref_text /tmp/tmp3etlbfrc_ref.txt --output_dir /tmp --output_file tmp1_s81_9e_clone.wav --speed 1.0 --nfe_step 32 --cross_fade_duration 0.15
2025-08-05 10:23:19,405 - config.config - INFO - Expected output path: /tmp/tmp1_s81_9e_clone.wav
2025-08-05 10:23:19,405 - config.config - INFO - Expected output duration: 5.42s
2025-08-05 10:23:28,819 - config.config - INFO - F5-TTS execution completed successfully
2025-08-05 10:23:28,819 - config.config - INFO - Generated audio - duration: 4.76 seconds
2025-08-05 10:23:28,819 - config.config - INFO - Generated audio - sample_rate: 24000Hz
2025-08-05 10:23:28,819 - config.config - INFO - Duration difference from expected: -0.66s
2025-08-05 10:23:28,852 - config.config - INFO - Successfully uploaded clone to MinIO: https://minio.dashlab.studio/presbotclone/688a3d35efb247c59bd5a5ea/clones/deba_2_47e37b98-8778-48b6-81b5-a6eeb63a63b2.wav
2025-08-05 10:23:28,853 - config.config - INFO - Successfully stored clone metadata in database: 689213e01ded3066dfa02735
2025-08-05 10:23:28,854 - config.config - INFO - === CLONE REQUEST COMPLETED SUCCESSFULLY ===
2025-08-05 10:23:28,854 - config.config - INFO - Clone uploaded to MinIO: https://minio.dashlab.studio/presbotclone/688a3d35efb247c59bd5a5ea/clones/deba_2_47e37b98-8778-48b6-81b5-a6eeb63a63b2.wav
2025-08-05 10:23:28,854 - config.config - INFO - Clone ID: 689213e01ded3066dfa02735
2025-08-05 10:24:05,398 - faster_whisper - INFO - Processing audio with duration 00:11.982
2025-08-05 10:24:05,461 - faster_whisper - INFO - Detected language 'en' with probability 1.00
2025-08-05 10:24:37,189 - config.config - INFO - === CLONE REQUEST STARTED ===
2025-08-05 10:24:37,199 - config.config - INFO - Original audio - duration: 11.98 seconds
2025-08-05 10:24:37,199 - config.config - INFO - Original audio - sample_rate: 44100Hz
2025-08-05 10:24:37,410 - config.config - INFO - Best 12s segment - duration: 11.98 seconds
2025-08-05 10:24:37,411 - config.config - INFO - Best 12s segment - energy: 1254.00
2025-08-05 10:24:37,412 - config.config - INFO - Transcribing 12-second clipped audio with Whisper...
2025-08-05 10:24:37,645 - faster_whisper - INFO - Processing audio with duration 00:11.981
2025-08-05 10:24:37,708 - faster_whisper - INFO - Detected language 'en' with probability 1.00
2025-08-05 10:24:37,990 - config.config - INFO - Whisper transcription of 12s clip: ' Okay, welcome back to database marketing. This week, we will review some of the important statistical concepts that we need to keep in mind while we progress through this course.'
2025-08-05 10:24:37,990 - config.config - INFO - === F5-TTS COMMAND EXECUTION ===
2025-08-05 10:24:37,990 - config.config - INFO - Command: python3 src/f5_tts/infer/infer_cli.py --gen_text Okay, welcome back to database marketing. This week, we will review some of the important statistical concepts that we need to keep in mind while we progress through this course. . We'll be covering topics such as correlation, regression, and statistical inference. . These concepts are crucial for understanding how to analyze and interpret data in a database marketing context. . So, let's get started with the first topic: correlation. --ref_audio /tmp/tmpweg3v5q5_ref.wav --ref_text /tmp/tmpngwo34fz_ref.txt --output_dir /tmp --output_file tmpxanrl7yb_clone.wav --speed 1.0 --nfe_step 32 --cross_fade_duration 0.15
2025-08-05 10:24:37,990 - config.config - INFO - Expected output path: /tmp/tmpxanrl7yb_clone.wav
2025-08-05 10:24:37,990 - config.config - INFO - Expected output duration: 29.32s
2025-08-05 10:24:48,191 - config.config - INFO - F5-TTS execution completed successfully
2025-08-05 10:24:48,191 - config.config - INFO - Generated audio - duration: 25.35 seconds
2025-08-05 10:24:48,191 - config.config - INFO - Generated audio - sample_rate: 24000Hz
2025-08-05 10:24:48,191 - config.config - INFO - Duration difference from expected: -3.96s
2025-08-05 10:24:48,238 - config.config - INFO - Successfully uploaded clone to MinIO: https://minio.dashlab.studio/presbotclone/688a3d35efb247c59bd5a5ea/clones/deba_3_93164da0-95dd-4f1f-bd89-dc92edf08c05.wav
2025-08-05 10:24:48,239 - config.config - INFO - Successfully stored clone metadata in database: 689214301ded3066dfa02737
2025-08-05 10:24:48,240 - config.config - INFO - === CLONE REQUEST COMPLETED SUCCESSFULLY ===
2025-08-05 10:24:48,240 - config.config - INFO - Clone uploaded to MinIO: https://minio.dashlab.studio/presbotclone/688a3d35efb247c59bd5a5ea/clones/deba_3_93164da0-95dd-4f1f-bd89-dc92edf08c05.wav
2025-08-05 10:24:48,240 - config.config - INFO - Clone ID: 689214301ded3066dfa02737
2025-08-05 16:04:09,752 - config.config - INFO - Successfully uploaded original to MinIO: https://minio.dashlab.studio/presbotclone/68891d53d59f3bb5c8ff7fe4/originals/original_1754438649.wav
2025-08-05 16:04:09,752 - config.config - INFO - Successfully stored original metadata in database: 689263b91ded3066dfa02738
2025-08-05 16:04:16,498 - faster_whisper - INFO - Processing audio with duration 00:12.000
2025-08-05 16:04:16,555 - faster_whisper - INFO - Detected language 'en' with probability 1.00
2025-08-05 16:06:33,083 - config.config - INFO - === CLONE REQUEST STARTED ===
2025-08-05 16:06:33,091 - config.config - INFO - Original audio - duration: 12.00 seconds
2025-08-05 16:06:33,091 - config.config - INFO - Original audio - sample_rate: 24000Hz
2025-08-05 16:06:33,166 - config.config - INFO - Best 12s segment - duration: 12.00 seconds
2025-08-05 16:06:33,166 - config.config - INFO - Best 12s segment - energy: 1467.00
2025-08-05 16:06:33,167 - config.config - INFO - Transcribing 12-second clipped audio with Whisper...
2025-08-05 16:06:33,376 - faster_whisper - INFO - Processing audio with duration 00:12.000
2025-08-05 16:06:33,441 - faster_whisper - INFO - Detected language 'en' with probability 1.00
2025-08-05 16:06:33,780 - config.config - INFO - Whisper transcription of 12s clip: ' Okay, welcome back to database marketing. This week we will review some of the important statistical concepts that we need to keep in mind while we progress. Now I hope many of the things we are going to'
2025-08-05 16:06:33,780 - config.config - INFO - === F5-TTS COMMAND EXECUTION ===
2025-08-05 16:06:33,780 - config.config - INFO - Command: python3 src/f5_tts/infer/infer_cli.py --gen_text {happy}Okay, welcome back to database marketing. This week, we will review some of the important statistical concepts that we need to keep in mind while we progress. Now I hope many of the things we are going to cover will be familiar to you, but it's always good to revisit and refresh your memory. One of the key concepts is the concept of correlation and causation. Many of you may have heard of the phrase {happy}'correlation does not imply causation.' This is a very important concept in statistics, and it's something that we need to keep in mind when we're working with data. Correlation simply means that there is a relationship between two variables, {sad}but it doesn't mean that one causes the other. For example, let's say we have a dataset of people who exercise regularly and their corresponding heights. We might find a correlation between the two, but it doesn't mean that exercising causes people to grow taller. In fact, there are many other factors that could be contributing to the correlation, such as genetics or diet. So, when we're working with data, it's always important to remember that correlation does not imply causation. Another key concept is the concept of sampling bias. This is when a sample is not representative of the population, and it can lead to inaccurate results. For example, let's say we're trying to determine the average height of people in a city. If we only take a sample from one neighborhood, it may not be representative of the entire city. We need to make sure that our sample is representative of the population, so that we can get accurate results. Finally, let's talk about the concept of statistical significance. This is when a result is unlikely to occur by chance. For example, let's say we're trying to determine if there's a correlation between the number of hours people spend watching TV and their corresponding BMI. If we find a correlation, we need to check if it's statistically significant. If it's not, then it's likely just due to chance. So, in conclusion, these are just a few of the important statistical concepts that we need to keep in mind while working with data. Remember, correlation does not imply causation, sampling bias can lead to inaccurate results, and statistical significance is crucial for determining if a result is real. Thank you for your attention. --ref_audio /tmp/tmpbju3wrzo_ref.wav --ref_text /tmp/tmpmcqz9fzu_ref.txt --output_dir /tmp --output_file tmp_n_kvwo9_clone.wav --speed 1.0 --nfe_step 32 --cross_fade_duration 0.15
2025-08-05 16:06:33,780 - config.config - INFO - Expected output path: /tmp/tmp_n_kvwo9_clone.wav
2025-08-05 16:06:33,780 - config.config - INFO - Expected output duration: 137.71s
2025-08-05 16:06:51,023 - config.config - INFO - F5-TTS execution completed successfully
2025-08-05 16:06:51,024 - config.config - INFO - Generated audio - duration: 132.01 seconds
2025-08-05 16:06:51,024 - config.config - INFO - Generated audio - sample_rate: 24000Hz
2025-08-05 16:06:51,024 - config.config - INFO - Duration difference from expected: -5.69s
2025-08-05 16:06:51,110 - config.config - INFO - Successfully uploaded clone to MinIO: https://minio.dashlab.studio/presbotclone/68891d53d59f3bb5c8ff7fe4/clones/testingwithemotions_9359227f-35d7-4102-835c-67adcc02a2a7.wav
2025-08-05 16:06:51,111 - config.config - INFO - Successfully stored clone metadata in database: 6892645b1ded3066dfa0273a
2025-08-05 16:06:51,112 - config.config - INFO - === CLONE REQUEST COMPLETED SUCCESSFULLY ===
2025-08-05 16:06:51,112 - config.config - INFO - Clone uploaded to MinIO: https://minio.dashlab.studio/presbotclone/68891d53d59f3bb5c8ff7fe4/clones/testingwithemotions_9359227f-35d7-4102-835c-67adcc02a2a7.wav
2025-08-05 16:06:51,112 - config.config - INFO - Clone ID: 6892645b1ded3066dfa0273a
2025-08-05 16:13:35,943 - config.config - INFO - === CLONE REQUEST STARTED ===
2025-08-05 16:13:35,977 - config.config - INFO - Original audio - duration: 12.00 seconds
2025-08-05 16:13:35,977 - config.config - INFO - Original audio - sample_rate: 24000Hz
2025-08-05 16:13:36,060 - config.config - INFO - Best 12s segment - duration: 12.00 seconds
2025-08-05 16:13:36,060 - config.config - INFO - Best 12s segment - energy: 1467.00
2025-08-05 16:13:36,061 - config.config - INFO - Transcribing 12-second clipped audio with Whisper...
2025-08-05 16:13:36,264 - faster_whisper - INFO - Processing audio with duration 00:12.000
2025-08-05 16:13:36,314 - faster_whisper - INFO - Detected language 'en' with probability 1.00
2025-08-05 16:13:36,655 - config.config - INFO - Whisper transcription of 12s clip: ' Okay, welcome back to database marketing. This week we will review some of the important statistical concepts that we need to keep in mind while we progress. Now I hope many of the things we are going to'
2025-08-05 16:13:36,655 - config.config - INFO - === F5-TTS COMMAND EXECUTION ===
2025-08-05 16:13:36,655 - config.config - INFO - Command: python3 src/f5_tts/infer/infer_cli.py --gen_text Okay, welcome back to database marketing. [happy]This week, we will review some of the important statistical concepts that we need to keep in mind while we progress. Now I hope many of the things we are going to cover will be familiar to you, but it's always good to revisit and refresh your memory. One of the key concepts is the concept of correlation and causation. Many of you may have heard of the phrase 'correlation does not imply causation.' This is a very important concept in statistics, and it's something that we need to keep in mind when we're working with data. Correlation simply means that there is a relationship between two variables, but it doesn't mean that one causes the other. For example, let's say we have a dataset of people who exercise regularly and their corresponding heights. We might find a correlation between the two, but it doesn't mean that exercising causes people to grow taller. In fact, there are many other factors that could be contributing to the correlation, such as genetics or diet. So, when we're working with data, it's always important to remember that correlation does not imply causation. Another key concept is the concept of sampling bias. This is when a sample is not representative of the population, and it can lead to inaccurate results. For example, let's say we're trying to determine the average height of people in a city. If we only take a sample from one neighborhood, it may not be representative of the entire city. We need to make sure that our sample is representative of the population, so that we can get accurate results. Finally, let's talk about the concept of statistical significance. This is when a result is unlikely to occur by chance. For example, let's say we're trying to determine if there's a correlation between the number of hours people spend watching TV and their corresponding BMI. If we find a correlation, we need to check if it's statistically significant. If it's not, then it's likely just due to chance. So, in conclusion, these are just a few of the important statistical concepts that we need to keep in mind while working with data. Remember, correlation does not imply causation, sampling bias can lead to inaccurate results, and statistical significance is crucial for determining if a result is real. Thank you for your attention. --ref_audio /tmp/tmpy9o1xkpe_ref.wav --ref_text /tmp/tmpb8ggj931_ref.txt --output_dir /tmp --output_file tmpihc6e7aq_clone.wav --speed 1.0 --nfe_step 32 --cross_fade_duration 0.15
2025-08-05 16:13:36,655 - config.config - INFO - Expected output path: /tmp/tmpihc6e7aq_clone.wav
2025-08-05 16:13:36,655 - config.config - INFO - Expected output duration: 137.00s
2025-08-05 16:13:54,222 - config.config - INFO - F5-TTS execution completed successfully
2025-08-05 16:13:54,224 - config.config - INFO - Generated audio - duration: 130.84 seconds
2025-08-05 16:13:54,224 - config.config - INFO - Generated audio - sample_rate: 24000Hz
2025-08-05 16:13:54,224 - config.config - INFO - Duration difference from expected: -6.16s
2025-08-05 16:13:54,313 - config.config - INFO - Successfully uploaded clone to MinIO: https://minio.dashlab.studio/presbotclone/68891d53d59f3bb5c8ff7fe4/clones/testingwithemotions_64e551b9-2a95-434f-983a-53eb2bce87e8.wav
2025-08-05 16:13:54,314 - config.config - INFO - Successfully stored clone metadata in database: 689266021ded3066dfa0273b
2025-08-05 16:13:54,315 - config.config - INFO - === CLONE REQUEST COMPLETED SUCCESSFULLY ===
2025-08-05 16:13:54,315 - config.config - INFO - Clone uploaded to MinIO: https://minio.dashlab.studio/presbotclone/68891d53d59f3bb5c8ff7fe4/clones/testingwithemotions_64e551b9-2a95-434f-983a-53eb2bce87e8.wav
2025-08-05 16:13:54,315 - config.config - INFO - Clone ID: 689266021ded3066dfa0273b
2025-08-05 16:14:47,191 - config.config - INFO - === CLONE REQUEST STARTED ===
2025-08-05 16:14:47,198 - config.config - INFO - Original audio - duration: 12.00 seconds
2025-08-05 16:14:47,198 - config.config - INFO - Original audio - sample_rate: 24000Hz
2025-08-05 16:14:47,274 - config.config - INFO - Best 12s segment - duration: 12.00 seconds
2025-08-05 16:14:47,274 - config.config - INFO - Best 12s segment - energy: 1467.00
2025-08-05 16:14:47,275 - config.config - INFO - Transcribing 12-second clipped audio with Whisper...
2025-08-05 16:14:47,487 - faster_whisper - INFO - Processing audio with duration 00:12.000
2025-08-05 16:14:47,538 - faster_whisper - INFO - Detected language 'en' with probability 1.00
2025-08-05 16:14:47,879 - config.config - INFO - Whisper transcription of 12s clip: ' Okay, welcome back to database marketing. This week we will review some of the important statistical concepts that we need to keep in mind while we progress. Now I hope many of the things we are going to'
2025-08-05 16:14:47,879 - config.config - INFO - === F5-TTS COMMAND EXECUTION ===
2025-08-05 16:14:47,879 - config.config - INFO - Command: python3 src/f5_tts/infer/infer_cli.py --gen_text [angry]Okay, welcome back to database marketing. [happy]This week, we will review some of the important statistical concepts that we need to keep in mind while we progress. Now I hope many of the things we are going to cover will be familiar to you, but it's always good to revisit and refresh your memory. One of the key concepts is the concept of correlation and causation. Many of you may have heard of the phrase 'correlation does not imply causation.' This is a very important concept in statistics, and it's something that we need to keep in mind when we're working with data. Correlation simply means that there is a relationship between two variables, but it doesn't mean that one causes the other. For example, let's say we have a dataset of people who exercise regularly and their corresponding heights. We might find a correlation between the two, but it doesn't mean that exercising causes people to grow taller. In fact, there are many other factors that could be contributing to the correlation, such as genetics or diet. So, when we're working with data, it's always important to remember that correlation does not imply causation. Another key concept is the concept of sampling bias. This is when a sample is not representative of the population, and it can lead to inaccurate results. For example, let's say we're trying to determine the average height of people in a city. If we only take a sample from one neighborhood, it may not be representative of the entire city. We need to make sure that our sample is representative of the population, so that we can get accurate results. Finally, let's talk about the concept of statistical significance. This is when a result is unlikely to occur by chance. For example, let's say we're trying to determine if there's a correlation between the number of hours people spend watching TV and their corresponding BMI. If we find a correlation, we need to check if it's statistically significant. If it's not, then it's likely just due to chance. So, in conclusion, these are just a few of the important statistical concepts that we need to keep in mind while working with data. Remember, correlation does not imply causation, sampling bias can lead to inaccurate results, and statistical significance is crucial for determining if a result is real. Thank you for your attention. --ref_audio /tmp/tmpqmgvk9rx_ref.wav --ref_text /tmp/tmppxi9zbjn_ref.txt --output_dir /tmp --output_file tmpv2ho4q1y_clone.wav --speed 1.0 --nfe_step 32 --cross_fade_duration 0.15
2025-08-05 16:14:47,879 - config.config - INFO - Expected output path: /tmp/tmpv2ho4q1y_clone.wav
2025-08-05 16:14:47,879 - config.config - INFO - Expected output duration: 137.41s
2025-08-05 16:15:05,704 - config.config - INFO - F5-TTS execution completed successfully
2025-08-05 16:15:05,706 - config.config - INFO - Generated audio - duration: 130.84 seconds
2025-08-05 16:15:05,706 - config.config - INFO - Generated audio - sample_rate: 24000Hz
2025-08-05 16:15:05,706 - config.config - INFO - Duration difference from expected: -6.57s
2025-08-05 16:15:05,769 - config.config - INFO - Successfully uploaded clone to MinIO: https://minio.dashlab.studio/presbotclone/68891d53d59f3bb5c8ff7fe4/clones/testingwithemotions_2ffa26c8-1556-4ea8-a765-d3dcfcb0d863.wav
2025-08-05 16:15:05,769 - config.config - INFO - Successfully stored clone metadata in database: 689266491ded3066dfa0273c
2025-08-05 16:15:05,771 - config.config - INFO - === CLONE REQUEST COMPLETED SUCCESSFULLY ===
2025-08-05 16:15:05,771 - config.config - INFO - Clone uploaded to MinIO: https://minio.dashlab.studio/presbotclone/68891d53d59f3bb5c8ff7fe4/clones/testingwithemotions_2ffa26c8-1556-4ea8-a765-d3dcfcb0d863.wav
2025-08-05 16:15:05,771 - config.config - INFO - Clone ID: 689266491ded3066dfa0273c
2025-08-05 19:05:00,244 - config.config - INFO - === CLONE REQUEST STARTED ===
2025-08-05 19:05:00,252 - config.config - INFO - Original audio - duration: 12.00 seconds
2025-08-05 19:05:00,252 - config.config - INFO - Original audio - sample_rate: 24000Hz
2025-08-05 19:05:00,328 - config.config - INFO - Best 12s segment - duration: 12.00 seconds
2025-08-05 19:05:00,328 - config.config - INFO - Best 12s segment - energy: 1467.00
2025-08-05 19:05:00,328 - config.config - INFO - Transcribing 12-second clipped audio with Whisper...
2025-08-05 19:05:00,536 - faster_whisper - INFO - Processing audio with duration 00:12.000
2025-08-05 19:05:00,589 - faster_whisper - INFO - Detected language 'en' with probability 1.00
2025-08-05 19:05:00,928 - config.config - INFO - Whisper transcription of 12s clip: ' Okay, welcome back to database marketing. This week we will review some of the important statistical concepts that we need to keep in mind while we progress. Now I hope many of the things we are going to'
2025-08-05 19:05:00,928 - config.config - INFO - === F5-TTS COMMAND EXECUTION ===
2025-08-05 19:05:00,928 - config.config - INFO - Command: python3 src/f5_tts/infer/infer_cli.py --gen_text [angry]Okay, welcome back to database marketing[angry]. [happy]This week, we will review some of the important statistical concepts that we need to keep in mind while we progress. Now I hope many of the things we are going to cover will be familiar to you, but it's always good to revisit and refresh your memory. One of the key concepts is the concept of correlation and causation. Many of you may have heard of the phrase 'correlation does not imply causation.' This is a very important concept in statistics, and it's something that we need to keep in mind when we're working with data. Correlation simply means that there is a relationship between two variables, but it doesn't mean that one causes the other. For example, let's say we have a dataset of people who exercise regularly and their corresponding heights. We might find a correlation between the two, but it doesn't mean that exercising causes people to grow taller. In fact, there are many other factors that could be contributing to the correlation, such as genetics or diet. So, when we're working with data, it's always important to remember that correlation does not imply causation. Another key concept is the concept of sampling bias. This is when a sample is not representative of the population, and it can lead to inaccurate results. For example, let's say we're trying to determine the average height of people in a city. If we only take a sample from one neighborhood, it may not be representative of the entire city. We need to make sure that our sample is representative of the population, so that we can get accurate results. Finally, let's talk about the concept of statistical significance. This is when a result is unlikely to occur by chance. For example, let's say we're trying to determine if there's a correlation between the number of hours people spend watching TV and their corresponding BMI. If we find a correlation, we need to check if it's statistically significant. If it's not, then it's likely just due to chance. So, in conclusion, these are just a few of the important statistical concepts that we need to keep in mind while working with data. Remember, correlation does not imply causation, sampling bias can lead to inaccurate results, and statistical significance is crucial for determining if a result is real. Thank you for your attention. --ref_audio /tmp/tmp_kwvopdx_ref.wav --ref_text /tmp/tmpcch0xy3p_ref.txt --output_dir /tmp --output_file tmp548slois_clone.wav --speed 1.0 --nfe_step 32 --cross_fade_duration 0.15
2025-08-05 19:05:00,928 - config.config - INFO - Expected output path: /tmp/tmp548slois_clone.wav
2025-08-05 19:05:00,929 - config.config - INFO - Expected output duration: 137.82s
2025-08-05 19:05:20,000 - config.config - INFO - F5-TTS execution completed successfully
2025-08-05 19:05:20,001 - config.config - INFO - Generated audio - duration: 130.97 seconds
2025-08-05 19:05:20,001 - config.config - INFO - Generated audio - sample_rate: 24000Hz
2025-08-05 19:05:20,001 - config.config - INFO - Duration difference from expected: -6.86s
2025-08-05 19:05:20,084 - config.config - INFO - Successfully uploaded clone to MinIO: https://minio.dashlab.studio/presbotclone/68891d53d59f3bb5c8ff7fe4/clones/testingwithemotions_5a4ac857-8aba-4582-ba6e-b448c37a8e9e.wav
2025-08-05 19:05:20,084 - config.config - INFO - Successfully stored clone metadata in database: 68928e301ded3066dfa0273d
2025-08-05 19:05:20,085 - config.config - INFO - === CLONE REQUEST COMPLETED SUCCESSFULLY ===
2025-08-05 19:05:20,085 - config.config - INFO - Clone uploaded to MinIO: https://minio.dashlab.studio/presbotclone/68891d53d59f3bb5c8ff7fe4/clones/testingwithemotions_5a4ac857-8aba-4582-ba6e-b448c37a8e9e.wav
2025-08-05 19:05:20,085 - config.config - INFO - Clone ID: 68928e301ded3066dfa0273d
2025-08-05 23:30:39,073 - config.config - INFO - JWT payload decoded successfully: {'id': '6891001a7eed010843088096', 'email': 'patel.hetas@northeastern.edu', 'username': 'patel.hetas', 'name': 'Het Patel', 'service': 'presbot', 'purpose': 'external_service', 'iat': 1754451038, 'exp': 1754451338, 'aud': 'presbot', 'iss': 'dash-portal'}
2025-08-05 23:30:39,074 - config.config - INFO - User authenticated successfully: patel.hetas@northeastern.edu
2025-08-05 23:30:42,873 - config.config - INFO - Successfully uploaded original to MinIO: https://minio.dashlab.studio/presbotclone/68891d53d59f3bb5c8ff7fe4/originals/original_1754465442.wav
2025-08-05 23:30:42,873 - config.config - INFO - Successfully stored original metadata in database: 6892cc621ded3066dfa0273e
2025-08-05 23:30:51,109 - faster_whisper - INFO - Processing audio with duration 04:09.078
2025-08-05 23:30:51,231 - faster_whisper - INFO - Detected language 'en' with probability 1.00
2025-08-05 23:38:12,376 - faster_whisper - INFO - Processing audio with duration 04:09.078
2025-08-05 23:38:12,476 - faster_whisper - INFO - Detected language 'en' with probability 1.00
2025-08-05 23:39:29,594 - config.config - INFO - Successfully uploaded original to MinIO: https://minio.dashlab.studio/presbotclone/68891d53d59f3bb5c8ff7fe4/originals/original_1754465969.wav
2025-08-05 23:39:29,595 - config.config - INFO - Successfully stored original metadata in database: 6892ce711ded3066dfa0273f
2025-08-05 23:39:36,079 - faster_whisper - INFO - Processing audio with duration 02:26.950
2025-08-05 23:39:36,154 - faster_whisper - INFO - Detected language 'en' with probability 1.00
2025-08-05 23:41:32,957 - config.config - INFO - Successfully uploaded original to MinIO: https://minio.dashlab.studio/presbotclone/68891d53d59f3bb5c8ff7fe4/originals/original_1754466092.wav
2025-08-05 23:41:32,958 - config.config - INFO - Successfully stored original metadata in database: 6892ceec1ded3066dfa02740
2025-08-05 23:41:42,217 - faster_whisper - INFO - Processing audio with duration 00:54.395
2025-08-05 23:41:42,267 - faster_whisper - INFO - Detected language 'en' with probability 1.00
2025-08-05 23:43:44,273 - config.config - INFO - JWT payload decoded successfully: {'id': '6891001a7eed010843088096', 'email': 'patel.hetas@northeastern.edu', 'username': 'patel.hetas', 'name': 'Het Patel', 'service': 'presbot', 'purpose': 'external_service', 'iat': 1754451797, 'exp': 1754452097, 'aud': 'presbot', 'iss': 'dash-portal'}
2025-08-05 23:43:44,280 - config.config - INFO - User authenticated successfully: patel.hetas@northeastern.edu
2025-08-05 23:43:46,181 - config.config - INFO - JWT payload decoded successfully: {'id': '6891001a7eed010843088096', 'email': 'patel.hetas@northeastern.edu', 'username': 'patel.hetas', 'name': 'Het Patel', 'service': 'presbot', 'purpose': 'external_service', 'iat': 1754451826, 'exp': 1754452126, 'aud': 'presbot', 'iss': 'dash-portal'}
2025-08-05 23:43:46,182 - config.config - INFO - User authenticated successfully: patel.hetas@northeastern.edu
2025-08-05 23:48:02,390 - config.config - INFO - Successfully uploaded original to MinIO: https://minio.dashlab.studio/presbotclone/68891d53d59f3bb5c8ff7fe4/originals/original_1754466482.wav
2025-08-05 23:48:02,390 - config.config - INFO - Successfully stored original metadata in database: 6892d072de1059bf000b7c2b
2025-08-05 23:48:06,248 - faster_whisper - INFO - Processing audio with duration 00:20.118
2025-08-05 23:48:06,644 - faster_whisper - INFO - Detected language 'en' with probability 1.00
2025-08-05 23:56:41,984 - config.config - INFO - === CLONE REQUEST STARTED ===
2025-08-05 23:56:42,158 - config.config - INFO - Original audio - duration: 20.12 seconds
2025-08-05 23:56:42,158 - config.config - INFO - Original audio - sample_rate: 44100Hz
2025-08-05 23:56:42,679 - config.config - INFO - Best 12s segment - duration: 12.00 seconds
2025-08-05 23:56:42,679 - config.config - INFO - Best 12s segment - energy: 1264.00
2025-08-05 23:56:42,681 - config.config - INFO - Transcribing 12-second clipped audio with Whisper...
2025-08-05 23:56:42,935 - faster_whisper - INFO - Processing audio with duration 00:12.000
2025-08-05 23:56:42,975 - faster_whisper - INFO - Detected language 'en' with probability 0.98
2025-08-05 23:56:43,314 - config.config - INFO - Whisper transcription of 12s clip: ' 10 years later, when I realized what I really had said, the performer was the shell. Causing change from the stage, that was the yoke. That was me.'
2025-08-05 23:56:43,315 - config.config - INFO - === F5-TTS COMMAND EXECUTION ===
2025-08-05 23:56:43,315 - config.config - INFO - Command: python3 src/f5_tts/infer/infer_cli.py --gen_text Ten years later, when I realized what I really had said, the performer was the shell, causing change from the stage, that was the yoke, that was me. So I hadn't failed at my dream after all, I just suffered from a misinterpretation of my dream. I needed to . redefine my dream. . I needed to find the real me, the real performer, and let go of the shell. . I needed to find the courage to be myself, to take the stage, and to perform without fear of failure. . I needed to find the confidence to be the yoke, to carry the weight of my own dreams, and to make them a reality. . I needed to find the strength to be the performer, to shine on the stage, and to make my dreams a reality. . And that's exactly what I did. . I found the real me, the real performer, and I let go of the shell. . I found the courage to be myself, to take the stage, and to perform without fear of failure. . I found the confidence to be the yoke, to carry the weight of my own dreams, and to make them a reality. . I found the strength to be the performer, to shine on the stage, and to make my dreams a reality. . --ref_audio /tmp/tmphic4aby__ref.wav --ref_text /tmp/tmpfolw_d8y_ref.txt --output_dir /tmp --output_file tmp2_2gv11f_clone.wav --speed 1.0 --nfe_step 32 --cross_fade_duration 0.15
2025-08-05 23:56:43,315 - config.config - INFO - Expected output path: /tmp/tmp2_2gv11f_clone.wav
2025-08-05 23:56:43,315 - config.config - INFO - Expected output duration: 88.38s
2025-08-05 23:56:58,343 - config.config - INFO - F5-TTS execution completed successfully
2025-08-05 23:56:58,344 - config.config - INFO - Generated audio - duration: 82.82 seconds
2025-08-05 23:56:58,344 - config.config - INFO - Generated audio - sample_rate: 24000Hz
2025-08-05 23:56:58,344 - config.config - INFO - Duration difference from expected: -5.56s
2025-08-05 23:56:58,403 - config.config - INFO - Successfully uploaded clone to MinIO: https://minio.dashlab.studio/presbotclone/68891d53d59f3bb5c8ff7fe4/clones/emo1_8d357982-5d72-4bea-9b6d-4013b4347d6d.wav
2025-08-05 23:56:58,404 - config.config - INFO - Successfully stored clone metadata in database: 6892d28ade1059bf000b7c2d
2025-08-05 23:56:58,405 - config.config - INFO - === CLONE REQUEST COMPLETED SUCCESSFULLY ===
2025-08-05 23:56:58,405 - config.config - INFO - Clone uploaded to MinIO: https://minio.dashlab.studio/presbotclone/68891d53d59f3bb5c8ff7fe4/clones/emo1_8d357982-5d72-4bea-9b6d-4013b4347d6d.wav
2025-08-05 23:56:58,405 - config.config - INFO - Clone ID: 6892d28ade1059bf000b7c2d
2025-08-05 23:59:05,308 - config.config - INFO - === CLONE REQUEST STARTED ===
2025-08-05 23:59:05,475 - config.config - INFO - Original audio - duration: 20.12 seconds
2025-08-05 23:59:05,475 - config.config - INFO - Original audio - sample_rate: 44100Hz
2025-08-05 23:59:05,984 - config.config - INFO - Best 12s segment - duration: 12.00 seconds
2025-08-05 23:59:05,984 - config.config - INFO - Best 12s segment - energy: 1264.00
2025-08-05 23:59:05,986 - config.config - INFO - Transcribing 12-second clipped audio with Whisper...
2025-08-05 23:59:06,228 - faster_whisper - INFO - Processing audio with duration 00:12.000
2025-08-05 23:59:06,301 - faster_whisper - INFO - Detected language 'en' with probability 0.98
2025-08-05 23:59:06,683 - config.config - INFO - Whisper transcription of 12s clip: ' 10 years later, when I realized what I really had said, the performer was the shell. Causing change from the stage, that was the yoke. That was me.'
2025-08-05 23:59:06,683 - config.config - INFO - === F5-TTS COMMAND EXECUTION ===
2025-08-05 23:59:06,683 - config.config - INFO - Command: python3 src/f5_tts/infer/infer_cli.py --gen_text (Regular) Ten years later, when I realized what I really had said, the performer was the shell, causing change from the stage, that was the yoke, that was me. (happy) So I hadn't failed at my dream after all, I just suffered from a misinterpretation of my dream. I needed to . (shouting) redefine my dream. . I needed to find the real me, the real performer, and let go of the shell. . (shouting)I needed to find the courage to be myself, to take the stage, and to perform without fear of failure. . I needed to find the confidence to be the yoke, to carry the weight of my own dreams, and to make them a reality. . I needed to find the strength to be the performer, to shine on the stage, and to make my dreams a reality. . And that's exactly what I did. . I found the real me, the real performer, and I let go of the shell. . I found the courage to be myself, to take the stage, and to perform without fear of failure. . I found the confidence to be the yoke, to carry the weight of my own dreams, and to make them a reality. . (sad) I found the strength to be the performer, to shine on the stage, and to make my dreams a reality. . --ref_audio /tmp/tmp4lufsjx1_ref.wav --ref_text /tmp/tmp3iqxyiol_ref.txt --output_dir /tmp --output_file tmp1eat0x3o_clone.wav --speed 1.0 --nfe_step 32 --cross_fade_duration 0.15
2025-08-05 23:59:06,684 - config.config - INFO - Expected output path: /tmp/tmp1eat0x3o_clone.wav
2025-08-05 23:59:06,684 - config.config - INFO - Expected output duration: 92.03s
2025-08-05 23:59:21,370 - config.config - INFO - F5-TTS execution completed successfully
2025-08-05 23:59:21,371 - config.config - INFO - Generated audio - duration: 86.32 seconds
2025-08-05 23:59:21,371 - config.config - INFO - Generated audio - sample_rate: 24000Hz
2025-08-05 23:59:21,371 - config.config - INFO - Duration difference from expected: -5.71s
2025-08-05 23:59:21,430 - config.config - INFO - Successfully uploaded clone to MinIO: https://minio.dashlab.studio/presbotclone/68891d53d59f3bb5c8ff7fe4/clones/emo2_withtags_e90a7ca3-104f-461c-90b2-9ef5b5e60db7.wav
2025-08-05 23:59:21,431 - config.config - INFO - Successfully stored clone metadata in database: 6892d319de1059bf000b7c2e
2025-08-05 23:59:21,432 - config.config - INFO - === CLONE REQUEST COMPLETED SUCCESSFULLY ===
2025-08-05 23:59:21,432 - config.config - INFO - Clone uploaded to MinIO: https://minio.dashlab.studio/presbotclone/68891d53d59f3bb5c8ff7fe4/clones/emo2_withtags_e90a7ca3-104f-461c-90b2-9ef5b5e60db7.wav
2025-08-05 23:59:21,432 - config.config - INFO - Clone ID: 6892d319de1059bf000b7c2e
2025-08-06 00:00:38,430 - config.config - INFO - === CLONE REQUEST STARTED ===
2025-08-06 00:00:38,597 - config.config - INFO - Original audio - duration: 20.12 seconds
2025-08-06 00:00:38,597 - config.config - INFO - Original audio - sample_rate: 44100Hz
2025-08-06 00:00:39,114 - config.config - INFO - Best 12s segment - duration: 12.00 seconds
2025-08-06 00:00:39,115 - config.config - INFO - Best 12s segment - energy: 1264.00
2025-08-06 00:00:39,116 - config.config - INFO - Transcribing 12-second clipped audio with Whisper...
2025-08-06 00:00:39,357 - faster_whisper - INFO - Processing audio with duration 00:12.000
2025-08-06 00:00:39,399 - faster_whisper - INFO - Detected language 'en' with probability 0.98
2025-08-06 00:00:39,735 - config.config - INFO - Whisper transcription of 12s clip: ' 10 years later, when I realized what I really had said, the performer was the shell. Causing change from the stage, that was the yoke. That was me.'
2025-08-06 00:00:39,735 - config.config - INFO - === F5-TTS COMMAND EXECUTION ===
2025-08-06 00:00:39,735 - config.config - INFO - Command: python3 src/f5_tts/infer/infer_cli.py --gen_text [Regular] Ten years later, when I realized what I really had said, the performer was the shell, causing change from the stage, that was the yoke, that was me. [happy] So I hadn't failed at my dream after all, I just suffered from a misinterpretation of my dream. I needed to . [shouting] redefine my dream. . I needed to find the real me, the real performer, and let go of the shell. . [shouting] I needed to find the courage to be myself, to take the stage, and to perform without fear of failure. . I needed to find the confidence to be the yoke, to carry the weight of my own dreams, and to make them a reality. . I needed to find the strength to be the performer, to shine on the stage, and to make my dreams a reality. . And that's exactly what I did. . I found the real me, the real performer, and I let go of the shell. . I found the courage to be myself, to take the stage, and to perform without fear of failure. . I found the confidence to be the yoke, to carry the weight of my own dreams, and to make them a reality. . [Whisper] I found the strength to be the performer, to shine on the stage, and to make my dreams a reality. . --ref_audio /tmp/tmpwebckchq_ref.wav --ref_text /tmp/tmprsf13_rs_ref.txt --output_dir /tmp --output_file tmp62oselcx_clone.wav --speed 1.0 --nfe_step 32 --cross_fade_duration 0.15
2025-08-06 00:00:39,735 - config.config - INFO - Expected output path: /tmp/tmp62oselcx_clone.wav
2025-08-06 00:00:39,735 - config.config - INFO - Expected output duration: 92.43s
2025-08-06 00:00:54,856 - config.config - INFO - F5-TTS execution completed successfully
2025-08-06 00:00:54,857 - config.config - INFO - Generated audio - duration: 83.19 seconds
2025-08-06 00:00:54,857 - config.config - INFO - Generated audio - sample_rate: 24000Hz
2025-08-06 00:00:54,857 - config.config - INFO - Duration difference from expected: -9.25s
2025-08-06 00:00:54,916 - config.config - INFO - Successfully uploaded clone to MinIO: https://minio.dashlab.studio/presbotclone/68891d53d59f3bb5c8ff7fe4/clones/emo3_withtags_94b33414-35ac-4349-bed4-0340221e55ae.wav
2025-08-06 00:00:54,916 - config.config - INFO - Successfully stored clone metadata in database: 6892d376de1059bf000b7c2f
2025-08-06 00:00:54,918 - config.config - INFO - === CLONE REQUEST COMPLETED SUCCESSFULLY ===
2025-08-06 00:00:54,918 - config.config - INFO - Clone uploaded to MinIO: https://minio.dashlab.studio/presbotclone/68891d53d59f3bb5c8ff7fe4/clones/emo3_withtags_94b33414-35ac-4349-bed4-0340221e55ae.wav
2025-08-06 00:00:54,918 - config.config - INFO - Clone ID: 6892d376de1059bf000b7c2f
2025-08-06 00:04:59,277 - config.config - INFO - === CLONE REQUEST STARTED ===
2025-08-06 00:04:59,438 - config.config - INFO - Original audio - duration: 20.12 seconds
2025-08-06 00:04:59,438 - config.config - INFO - Original audio - sample_rate: 44100Hz
2025-08-06 00:04:59,950 - config.config - INFO - Best 12s segment - duration: 12.00 seconds
2025-08-06 00:04:59,951 - config.config - INFO - Best 12s segment - energy: 1264.00
2025-08-06 00:04:59,952 - config.config - INFO - Transcribing 12-second clipped audio with Whisper...
2025-08-06 00:05:00,260 - faster_whisper - INFO - Processing audio with duration 00:12.000
2025-08-06 00:05:00,300 - faster_whisper - INFO - Detected language 'en' with probability 0.98
2025-08-06 00:05:00,633 - config.config - INFO - Whisper transcription of 12s clip: ' 10 years later, when I realized what I really had said, the performer was the shell. Causing change from the stage, that was the yoke. That was me.'
2025-08-06 00:05:00,634 - config.config - INFO - === F5-TTS COMMAND EXECUTION ===
2025-08-06 00:05:00,634 - config.config - INFO - Command: python3 src/f5_tts/infer/infer_cli.py --gen_text [Regular] Ten years later, when I realized what I really had said, the performer was the shell, causing change from the stage, that was the yoke, that was me. [Angry] So I hadn't failed at my dream after all, I just suffered from a misinterpretation of my dream. I needed to . [Shouting] redefine my dream. . I needed to find the real me, the real performer, and let go of the shell. . [Shouting] I needed to find the courage to be myself, to take the stage, and to perform without fear of failure. . [Sad] I needed to find the confidence to be the yoke, to carry the weight of my own dreams, and to make them a reality. . I needed to find the strength to be the performer, to shine on the stage, and to make my dreams a reality. . And that's exactly what I did. . I found the real me, the real performer, and I let go of the shell. . I found the courage to be myself, to take the stage, and to perform without fear of failure. . I found the confidence to be the yoke, to carry the weight of my own dreams, and to make them a reality. . [Whisper] I found the strength to be the performer, to shine on the stage, and to make my dreams a reality. . --ref_audio /tmp/tmp98suxdou_ref.wav --ref_text /tmp/tmpggnor1s__ref.txt --output_dir /tmp --output_file tmpiu03t2d__clone.wav --speed 1.0 --nfe_step 32 --cross_fade_duration 0.15
2025-08-06 00:05:00,634 - config.config - INFO - Expected output path: /tmp/tmpiu03t2d__clone.wav
2025-08-06 00:05:00,634 - config.config - INFO - Expected output duration: 92.92s
2025-08-06 00:05:15,833 - config.config - INFO - F5-TTS execution completed successfully
2025-08-06 00:05:15,834 - config.config - INFO - Generated audio - duration: 83.33 seconds
2025-08-06 00:05:15,834 - config.config - INFO - Generated audio - sample_rate: 24000Hz
2025-08-06 00:05:15,834 - config.config - INFO - Duration difference from expected: -9.58s
2025-08-06 00:05:15,891 - config.config - INFO - Successfully uploaded clone to MinIO: https://minio.dashlab.studio/presbotclone/68891d53d59f3bb5c8ff7fe4/clones/emo4_withtags_b784c7bd-3b25-4f9e-8cfd-229194c4099a.wav
2025-08-06 00:05:15,891 - config.config - INFO - Successfully stored clone metadata in database: 6892d47bde1059bf000b7c30
2025-08-06 00:05:15,893 - config.config - INFO - === CLONE REQUEST COMPLETED SUCCESSFULLY ===
2025-08-06 00:05:15,893 - config.config - INFO - Clone uploaded to MinIO: https://minio.dashlab.studio/presbotclone/68891d53d59f3bb5c8ff7fe4/clones/emo4_withtags_b784c7bd-3b25-4f9e-8cfd-229194c4099a.wav
2025-08-06 00:05:15,893 - config.config - INFO - Clone ID: 6892d47bde1059bf000b7c30
2025-08-06 00:13:37,747 - config.config - INFO - JWT payload decoded successfully: {'id': '6891001a7eed010843088096', 'email': 'patel.hetas@northeastern.edu', 'username': 'patel.hetas', 'name': 'Het Patel', 'service': 'presbot', 'purpose': 'external_service', 'iat': 1754453617, 'exp': 1754453917, 'aud': 'presbot', 'iss': 'dash-portal'}
2025-08-06 00:13:37,747 - config.config - INFO - User authenticated successfully: patel.hetas@northeastern.edu
2025-08-06 00:17:01,365 - config.config - INFO - JWT payload decoded successfully: {'id': '6891001a7eed010843088096', 'email': 'patel.hetas@northeastern.edu', 'username': 'patel.hetas', 'name': 'Het Patel', 'service': 'presbot', 'purpose': 'external_service', 'iat': 1754453821, 'exp': 1754454121, 'aud': 'presbot', 'iss': 'dash-portal'}
2025-08-06 00:17:01,365 - config.config - INFO - User authenticated successfully: patel.hetas@northeastern.edu
2025-08-06 00:17:41,594 - config.config - INFO - JWT payload decoded successfully: {'id': '6891001a7eed010843088096', 'email': 'patel.hetas@northeastern.edu', 'username': 'patel.hetas', 'name': 'Het Patel', 'service': 'presbot', 'purpose': 'external_service', 'iat': 1754453861, 'exp': 1754454161, 'aud': 'presbot', 'iss': 'dash-portal'}
2025-08-06 00:17:41,595 - config.config - INFO - User authenticated successfully: patel.hetas@northeastern.edu
2025-08-06 00:19:53,168 - config.config - INFO - JWT payload decoded successfully: {'id': '6891001a7eed010843088096', 'email': 'patel.hetas@northeastern.edu', 'username': 'patel.hetas', 'name': 'Het Patel', 'service': 'presbot', 'purpose': 'external_service', 'iat': 1754453993, 'exp': 1754454293, 'aud': 'presbot', 'iss': 'dash-portal'}
2025-08-06 00:19:53,169 - config.config - INFO - User authenticated successfully: patel.hetas@northeastern.edu
2025-08-06 00:20:07,707 - config.config - INFO - Successfully uploaded original to MinIO: https://minio.dashlab.studio/presbotclone/6891001a7eed010843088096/originals/original_1754468407.wav
2025-08-06 00:20:07,708 - config.config - INFO - Successfully stored original metadata in database: 6892d7f7de1059bf000b7c31
2025-08-06 00:21:52,576 - faster_whisper - INFO - Processing audio with duration 01:06.900
2025-08-06 00:21:52,633 - faster_whisper - INFO - Detected language 'en' with probability 0.99
2025-08-06 00:27:47,413 - faster_whisper - INFO - Processing audio with duration 01:06.900
2025-08-06 00:27:47,468 - faster_whisper - INFO - Detected language 'en' with probability 0.99
2025-08-06 11:58:01,457 - config.config - INFO - Successfully uploaded original to MinIO: https://minio.dashlab.studio/presbotclone/68891d53d59f3bb5c8ff7fe4/originals/original_1754510281.wav
2025-08-06 11:58:01,458 - config.config - INFO - Successfully stored original metadata in database: 68937b89de1059bf000b7c34
2025-08-06 11:58:16,777 - faster_whisper - INFO - Processing audio with duration 01:06.900
2025-08-06 11:58:16,854 - faster_whisper - INFO - Detected language 'en' with probability 0.99
2025-08-06 11:59:18,600 - config.config - INFO - === CLONE REQUEST STARTED ===
2025-08-06 11:59:18,805 - config.config - INFO - Original audio - duration: 66.90 seconds
2025-08-06 11:59:18,805 - config.config - INFO - Original audio - sample_rate: 48000Hz
2025-08-06 11:59:19,709 - config.config - INFO - Best 12s segment - duration: 12.00 seconds
2025-08-06 11:59:19,709 - config.config - INFO - Best 12s segment - energy: 3797.00
2025-08-06 11:59:19,710 - config.config - INFO - Transcribing 12-second clipped audio with Whisper...
2025-08-06 11:59:19,942 - faster_whisper - INFO - Processing audio with duration 00:12.000
2025-08-06 11:59:19,984 - faster_whisper - INFO - Detected language 'en' with probability 0.95
2025-08-06 11:59:20,326 - config.config - INFO - Whisper transcription of 12s clip: ' My research project on the impact of artificial intelligence on modern healthcare system. My study examines three key areas. First, AI-powered diagnostic tools. Second, AI-powered diagnostic tools.'
2025-08-06 11:59:20,327 - config.config - INFO - === F5-TTS COMMAND EXECUTION ===
2025-08-06 11:59:20,327 - config.config - INFO - Command: python3 src/f5_tts/infer/infer_cli.py --gen_text In my research project on the impact of artificial intelligence on modern healthcare systems, my study exhibits three key areas. First, AI-powered diagnostic tools. Second, robotic surgery assistance. And the third, last one, personalized treatment plans. To conduct this research, I employed a mixed-method approach. I analyzed data from the 50 hospitals implementing AI technologies. Second, I interviewed 30 healthcare professionals. And last, I reviewed 100 peer-reviewed articles on AI in medicine. The results of my study indicate that AI-powered diagnostics improve accuracy by 37 percent. The robotic surgery reduces recovery time by an average of 2.5 days. The personalized treatment plans increase patient satisfaction by 42 percent. These findings suggest a significant positive impact of AI on healthcare outcomes. In conclusion, AI is transforming healthcare, offering improved efficiency, accuracy, and patient experiences. --ref_audio /tmp/tmpml6f4chu_ref.wav --ref_text /tmp/tmp7ook1g2j_ref.txt --output_dir /tmp --output_file tmp5kctcyjh_clone.wav --speed 1.0 --nfe_step 32 --cross_fade_duration 0.15
2025-08-06 11:59:20,327 - config.config - INFO - Expected output path: /tmp/tmp5kctcyjh_clone.wav
2025-08-06 11:59:20,327 - config.config - INFO - Expected output duration: 56.79s
2025-08-06 11:59:33,576 - config.config - INFO - F5-TTS execution completed successfully
2025-08-06 11:59:33,576 - config.config - INFO - Generated audio - duration: 53.10 seconds
2025-08-06 11:59:33,576 - config.config - INFO - Generated audio - sample_rate: 24000Hz
2025-08-06 11:59:33,576 - config.config - INFO - Duration difference from expected: -3.68s
2025-08-06 11:59:33,629 - config.config - INFO - Successfully uploaded clone to MinIO: https://minio.dashlab.studio/presbotclone/68891d53d59f3bb5c8ff7fe4/clones/presentation_956269_83627e6d-16bb-4a73-91c6-0b3247fe96e8.wav
2025-08-06 11:59:33,630 - config.config - INFO - Successfully stored clone metadata in database: 68937be5de1059bf000b7c36
2025-08-06 11:59:33,631 - config.config - INFO - === CLONE REQUEST COMPLETED SUCCESSFULLY ===
2025-08-06 11:59:33,632 - config.config - INFO - Clone uploaded to MinIO: https://minio.dashlab.studio/presbotclone/68891d53d59f3bb5c8ff7fe4/clones/presentation_956269_83627e6d-16bb-4a73-91c6-0b3247fe96e8.wav
2025-08-06 11:59:33,632 - config.config - INFO - Clone ID: 68937be5de1059bf000b7c36
2025-08-06 12:04:11,352 - config.config - INFO - JWT payload decoded successfully: {'id': '688a3d35efb247c59bd5a5ea', 'email': 'corriea.k@northeastern.edu', 'username': 'corriea.k', 'name': 'Kris Elias Corriea', 'service': 'presbot', 'purpose': 'external_service', 'iat': 1754496250, 'exp': 1754496550, 'aud': 'presbot', 'iss': 'dash-portal'}
2025-08-06 12:04:11,353 - config.config - INFO - User authenticated successfully: corriea.k@northeastern.edu
2025-08-06 12:06:04,966 - faster_whisper - INFO - Processing audio with duration 00:11.982
2025-08-06 12:06:05,011 - faster_whisper - INFO - Detected language 'en' with probability 1.00
2025-08-06 12:08:08,354 - config.config - INFO - === CLONE REQUEST STARTED ===
2025-08-06 12:08:08,364 - config.config - INFO - Original audio - duration: 11.98 seconds
2025-08-06 12:08:08,364 - config.config - INFO - Original audio - sample_rate: 44100Hz
2025-08-06 12:08:08,575 - config.config - INFO - Best 12s segment - duration: 11.98 seconds
2025-08-06 12:08:08,575 - config.config - INFO - Best 12s segment - energy: 1254.00
2025-08-06 12:08:08,577 - config.config - INFO - Transcribing 12-second clipped audio with Whisper...
2025-08-06 12:08:08,897 - faster_whisper - INFO - Processing audio with duration 00:11.981
2025-08-06 12:08:08,943 - faster_whisper - INFO - Detected language 'en' with probability 1.00
2025-08-06 12:08:09,227 - config.config - INFO - Whisper transcription of 12s clip: ' Okay, welcome back to database marketing. This week, we will review some of the important statistical concepts that we need to keep in mind while we progress through this course.'
2025-08-06 12:08:09,227 - config.config - INFO - === F5-TTS COMMAND EXECUTION ===
2025-08-06 12:08:09,228 - config.config - INFO - Command: python3 src/f5_tts/infer/infer_cli.py --gen_text Okay, welcome back to database marketing. This week, we will review some of the important statistical concepts that we need to keep in mind while we progress through this course. . First, let's start with the basics. What is statistical analysis? . It's a process of collecting and analyzing data to draw conclusions. . Now, let's talk about some of the key concepts. . One of the most important concepts is the concept of correlation. . Correlation measures the strength and direction of a linear relationship between two variables. . Another key concept is regression. . Regression is a statistical method that estimates the relationship between a dependent variable and one or more independent variables. . Finally, let's talk about hypothesis testing. . Hypothesis testing is a statistical method that allows us to test a hypothesis about a population based on a sample of data. . In conclusion, statistical analysis is a crucial tool for database marketers. . By understanding these key concepts, we can make more informed decisions and improve our marketing strategies. . --ref_audio /tmp/tmp82z1v_wj_ref.wav --ref_text /tmp/tmpehxjidmp_ref.txt --output_dir /tmp --output_file tmp_dgwctla_clone.wav --speed 1.0 --nfe_step 32 --cross_fade_duration 0.15
2025-08-06 12:08:09,228 - config.config - INFO - Expected output path: /tmp/tmp_dgwctla_clone.wav
2025-08-06 12:08:09,228 - config.config - INFO - Expected output duration: 72.09s
2025-08-06 12:08:21,451 - config.config - INFO - F5-TTS execution completed successfully
2025-08-06 12:08:21,452 - config.config - INFO - Generated audio - duration: 62.33 seconds
2025-08-06 12:08:21,452 - config.config - INFO - Generated audio - sample_rate: 24000Hz
2025-08-06 12:08:21,452 - config.config - INFO - Duration difference from expected: -9.75s
2025-08-06 12:08:21,505 - config.config - INFO - Successfully uploaded clone to MinIO: https://minio.dashlab.studio/presbotclone/688a3d35efb247c59bd5a5ea/clones/deba_4_dot_e2747672-c1a4-4a25-8a3b-6a1a58631a2f.wav
2025-08-06 12:08:21,505 - config.config - INFO - Successfully stored clone metadata in database: 68937df5de1059bf000b7c38
2025-08-06 12:08:21,506 - config.config - INFO - === CLONE REQUEST COMPLETED SUCCESSFULLY ===
2025-08-06 12:08:21,507 - config.config - INFO - Clone uploaded to MinIO: https://minio.dashlab.studio/presbotclone/688a3d35efb247c59bd5a5ea/clones/deba_4_dot_e2747672-c1a4-4a25-8a3b-6a1a58631a2f.wav
2025-08-06 12:08:21,507 - config.config - INFO - Clone ID: 68937df5de1059bf000b7c38
2025-08-06 12:09:49,465 - config.config - INFO - Successfully uploaded original to MinIO: https://minio.dashlab.studio/presbotclone/688a3d35efb247c59bd5a5ea/originals/original_1754510989.wav
2025-08-06 12:09:49,465 - config.config - INFO - Successfully stored original metadata in database: 68937e4dde1059bf000b7c39
2025-08-06 12:12:06,515 - config.config - INFO - === CLONE REQUEST STARTED ===
2025-08-06 12:12:06,525 - config.config - INFO - Original audio - duration: 11.98 seconds
2025-08-06 12:12:06,525 - config.config - INFO - Original audio - sample_rate: 44100Hz
2025-08-06 12:12:06,737 - config.config - INFO - Best 12s segment - duration: 11.98 seconds
2025-08-06 12:12:06,737 - config.config - INFO - Best 12s segment - energy: 1254.00
2025-08-06 12:12:06,739 - config.config - INFO - Transcribing 12-second clipped audio with Whisper...
2025-08-06 12:12:07,003 - faster_whisper - INFO - Processing audio with duration 00:11.981
2025-08-06 12:12:07,043 - faster_whisper - INFO - Detected language 'en' with probability 1.00
2025-08-06 12:12:07,327 - config.config - INFO - Whisper transcription of 12s clip: ' Okay, welcome back to database marketing. This week, we will review some of the important statistical concepts that we need to keep in mind while we progress through this course.'
2025-08-06 12:12:07,327 - config.config - INFO - === F5-TTS COMMAND EXECUTION ===
2025-08-06 12:12:07,327 - config.config - INFO - Command: python3 src/f5_tts/infer/infer_cli.py --gen_text Okay, welcome back to database marketing. This week, we will review some of the important statistical concepts that we need to keep in mind while we progress through this course. First, let's start with the basics. What is statistical analysis? . It's a process of collecting and analyzing data to draw conclusions. Now, let's talk about some of the key concepts. One of the most important concepts is the concept of correlation. Correlation measures the strength and direction of a linear relationship between two variables. Another key concept is regression. Regression is a statistical method that estimates the relationship between a dependent variable and one or more independent variables. Finally, let's talk about hypothesis testing. Hypothesis testing is a statistical method that allows us to test a hypothesis about a population based on a sample of data. In conclusion, statistical analysis is a crucial tool for database marketers. By understanding these key concepts, we can make more informed decisions and improve our marketing strategies. --ref_audio /tmp/tmpx5u3g47k_ref.wav --ref_text /tmp/tmp01_lcwra_ref.txt --output_dir /tmp --output_file tmpzjo7qa_m_clone.wav --speed 1.0 --nfe_step 32 --cross_fade_duration 0.15
2025-08-06 12:12:07,327 - config.config - INFO - Expected output path: /tmp/tmpzjo7qa_m_clone.wav
2025-08-06 12:12:07,327 - config.config - INFO - Expected output duration: 70.61s
2025-08-06 12:12:19,652 - config.config - INFO - F5-TTS execution completed successfully
2025-08-06 12:12:19,653 - config.config - INFO - Generated audio - duration: 61.03 seconds
2025-08-06 12:12:19,653 - config.config - INFO - Generated audio - sample_rate: 24000Hz
2025-08-06 12:12:19,653 - config.config - INFO - Duration difference from expected: -9.58s
2025-08-06 12:12:19,697 - config.config - INFO - Successfully uploaded clone to MinIO: https://minio.dashlab.studio/presbotclone/688a3d35efb247c59bd5a5ea/clones/deba_4_c24701fc-78a8-4a26-b2d6-783474348e51.wav
2025-08-06 12:12:19,698 - config.config - INFO - Successfully stored clone metadata in database: 68937ee3de1059bf000b7c3a
2025-08-06 12:12:19,699 - config.config - INFO - === CLONE REQUEST COMPLETED SUCCESSFULLY ===
2025-08-06 12:12:19,699 - config.config - INFO - Clone uploaded to MinIO: https://minio.dashlab.studio/presbotclone/688a3d35efb247c59bd5a5ea/clones/deba_4_c24701fc-78a8-4a26-b2d6-783474348e51.wav
2025-08-06 12:12:19,699 - config.config - INFO - Clone ID: 68937ee3de1059bf000b7c3a
2025-08-06 12:55:04,596 - faster_whisper - INFO - Processing audio with duration 00:11.982
2025-08-06 12:55:04,645 - faster_whisper - INFO - Detected language 'en' with probability 1.00
2025-08-06 12:57:42,645 - config.config - INFO - === CLONE REQUEST STARTED ===
2025-08-06 12:57:42,667 - config.config - INFO - Original audio - duration: 11.98 seconds
2025-08-06 12:57:42,667 - config.config - INFO - Original audio - sample_rate: 44100Hz
2025-08-06 12:57:42,879 - config.config - INFO - Best 12s segment - duration: 11.98 seconds
2025-08-06 12:57:42,880 - config.config - INFO - Best 12s segment - energy: 1254.00
2025-08-06 12:57:42,881 - config.config - INFO - Transcribing 12-second clipped audio with Whisper...
2025-08-06 12:57:43,135 - faster_whisper - INFO - Processing audio with duration 00:11.981
2025-08-06 12:57:43,176 - faster_whisper - INFO - Detected language 'en' with probability 1.00
2025-08-06 12:57:43,460 - config.config - INFO - Whisper transcription of 12s clip: ' Okay, welcome back to database marketing. This week, we will review some of the important statistical concepts that we need to keep in mind while we progress through this course.'
2025-08-06 12:57:43,461 - config.config - INFO - === F5-TTS COMMAND EXECUTION ===
2025-08-06 12:57:43,461 - config.config - INFO - Command: python3 src/f5_tts/infer/infer_cli.py --gen_text Okay, welcome back to database marketing. This week, we will review some of the important statistical concepts that we need to keep in mind while we progress through this course. . Let's start with the basics. . We'll be covering topics such as data visualization, statistical analysis, and data mining. . These are crucial skills for any data professional, and we'll be exploring them in-depth throughout this course. . I encourage you to ask questions and engage with the material as we go along. --ref_audio /tmp/tmp8iyva93a_ref.wav --ref_text /tmp/tmp9b2dfphs_ref.txt --output_dir /tmp --output_file tmpxmhg7k4u_clone.wav --speed 1.0 --nfe_step 32 --cross_fade_duration 0.15
2025-08-06 12:57:43,461 - config.config - INFO - Expected output path: /tmp/tmpxmhg7k4u_clone.wav
2025-08-06 12:57:43,461 - config.config - INFO - Expected output duration: 33.33s
2025-08-06 12:57:54,149 - config.config - INFO - F5-TTS execution completed successfully
2025-08-06 12:57:54,149 - config.config - INFO - Generated audio - duration: 28.88 seconds
2025-08-06 12:57:54,149 - config.config - INFO - Generated audio - sample_rate: 24000Hz
2025-08-06 12:57:54,149 - config.config - INFO - Duration difference from expected: -4.45s
2025-08-06 12:57:54,201 - config.config - INFO - Successfully uploaded clone to MinIO: https://minio.dashlab.studio/presbotclone/688a3d35efb247c59bd5a5ea/clones/deba_5_31764051-4cb2-48a8-96df-d6b72f1e5a77.wav
2025-08-06 12:57:54,202 - config.config - INFO - Successfully stored clone metadata in database: 68938992de1059bf000b7c3c
2025-08-06 12:57:54,203 - config.config - INFO - === CLONE REQUEST COMPLETED SUCCESSFULLY ===
2025-08-06 12:57:54,203 - config.config - INFO - Clone uploaded to MinIO: https://minio.dashlab.studio/presbotclone/688a3d35efb247c59bd5a5ea/clones/deba_5_31764051-4cb2-48a8-96df-d6b72f1e5a77.wav
2025-08-06 12:57:54,203 - config.config - INFO - Clone ID: 68938992de1059bf000b7c3c
2025-08-06 13:01:52,277 - faster_whisper - INFO - Processing audio with duration 00:11.982
2025-08-06 13:01:52,342 - faster_whisper - INFO - Detected language 'en' with probability 1.00
2025-08-06 13:02:13,003 - faster_whisper - INFO - Processing audio with duration 00:11.982
2025-08-06 13:02:13,044 - faster_whisper - INFO - Detected language 'en' with probability 1.00
2025-08-06 19:31:10,390 - config.config - INFO - Successfully uploaded original to MinIO: https://minio.dashlab.studio/presbotclone/68891d53d59f3bb5c8ff7fe4/originals/original_1754537470.wav
2025-08-06 19:31:10,392 - config.config - INFO - Successfully stored original metadata in database: 6893e5be739cf8a5ceb5783e
2025-08-06 19:31:22,741 - faster_whisper - INFO - Processing audio with duration 00:48.235
2025-08-06 19:31:23,152 - faster_whisper - INFO - Detected language 'en' with probability 1.00
2025-08-06 19:34:06,167 - config.config - INFO - Successfully uploaded original to MinIO: https://minio.dashlab.studio/presbotclone/68891d53d59f3bb5c8ff7fe4/originals/original_1754537646.wav
2025-08-06 19:34:06,167 - config.config - INFO - Successfully stored original metadata in database: 6893e66e739cf8a5ceb5783f
2025-08-06 19:34:11,384 - faster_whisper - INFO - Processing audio with duration 00:12.153
2025-08-06 19:34:11,435 - faster_whisper - INFO - Detected language 'en' with probability 0.98
2025-08-06 19:36:39,040 - config.config - INFO - === CLONE REQUEST STARTED ===
2025-08-06 19:36:39,075 - config.config - INFO - Original audio - duration: 12.15 seconds
2025-08-06 19:36:39,075 - config.config - INFO - Original audio - sample_rate: 24000Hz
2025-08-06 19:36:39,152 - config.config - INFO - Best 12s segment - duration: 12.00 seconds
2025-08-06 19:36:39,152 - config.config - INFO - Best 12s segment - energy: 3130.00
2025-08-06 19:36:39,153 - config.config - INFO - Transcribing 12-second clipped audio with Whisper...
2025-08-06 19:36:39,369 - faster_whisper - INFO - Processing audio with duration 00:12.000
2025-08-06 19:36:39,420 - faster_whisper - INFO - Detected language 'en' with probability 0.98
2025-08-06 19:36:39,734 - config.config - INFO - Whisper transcription of 12s clip: ' Hi, this is just a sample designed to test voice cloning. I'm speaking at a steady conversational pace so the system can capture the nuances of my voice including tone, inflection,'
2025-08-06 19:36:39,734 - config.config - INFO - === F5-TTS COMMAND EXECUTION ===
2025-08-06 19:36:39,734 - config.config - INFO - Command: python3 src/f5_tts/infer/infer_cli.py --gen_text I have been on a roll to close all my move rings and walk 10k steps whenever I can, in a day. To do this, there is no better motivation than walking to a coffee shop or leisurely stroll around a new neighbourhood, which comes with a cost, an innocent little pick-me-up also called a sweet treat. The real challenge here is not completing the 10,000 steps milestone, but resisting a sweet treat. I also think that I have found my new favourite cafe, which makes the best matcha. Faro cafe looks like it transports the visitors to a sun-soaked cafe somewhere in Europe. They not only make the best matcha, but also are eco-friendly, which is a huge plus. --ref_audio /tmp/tmpmc2yqw6x_ref.wav --ref_text /tmp/tmp162kwm5c_ref.txt --output_dir /tmp --output_file tmp5mmb3i06_clone.wav --speed 1.0 --nfe_step 32 --cross_fade_duration 0.15
2025-08-06 19:36:39,734 - config.config - INFO - Expected output path: /tmp/tmp5mmb3i06_clone.wav
2025-08-06 19:36:39,734 - config.config - INFO - Expected output duration: 43.23s
2025-08-06 19:36:52,315 - config.config - INFO - F5-TTS execution completed successfully
2025-08-06 19:36:52,316 - config.config - INFO - Generated audio - duration: 39.95 seconds
2025-08-06 19:36:52,316 - config.config - INFO - Generated audio - sample_rate: 24000Hz
2025-08-06 19:36:52,316 - config.config - INFO - Duration difference from expected: -3.27s
2025-08-06 19:36:52,355 - config.config - INFO - Successfully uploaded clone to MinIO: https://minio.dashlab.studio/presbotclone/68891d53d59f3bb5c8ff7fe4/clones/test_65cd8b9c-720e-41be-93fe-dc36f48c4513.wav
2025-08-06 19:36:52,356 - config.config - INFO - Successfully stored clone metadata in database: 6893e714739cf8a5ceb57841
2025-08-06 19:36:52,356 - config.config - INFO - === CLONE REQUEST COMPLETED SUCCESSFULLY ===
2025-08-06 19:36:52,356 - config.config - INFO - Clone uploaded to MinIO: https://minio.dashlab.studio/presbotclone/68891d53d59f3bb5c8ff7fe4/clones/test_65cd8b9c-720e-41be-93fe-dc36f48c4513.wav
2025-08-06 19:36:52,356 - config.config - INFO - Clone ID: 6893e714739cf8a5ceb57841
2025-08-06 22:31:26,974 - config.config - INFO - JWT payload decoded successfully: {'id': '6891001a7eed010843088096', 'email': 'patel.hetas@northeastern.edu', 'username': 'patel.hetas', 'name': 'Het Patel', 'service': 'presbot', 'purpose': 'external_service', 'iat': 1754533886, 'exp': 1754534186, 'aud': 'presbot', 'iss': 'dash-portal'}
2025-08-06 22:31:26,975 - config.config - INFO - User authenticated successfully: patel.hetas@northeastern.edu
2025-08-06 22:37:08,555 - config.config - INFO - JWT payload decoded successfully: {'id': '6891001a7eed010843088096', 'email': 'patel.hetas@northeastern.edu', 'username': 'patel.hetas', 'name': 'Het Patel', 'service': 'presbot', 'purpose': 'external_service', 'iat': 1754534228, 'exp': 1754534528, 'aud': 'presbot', 'iss': 'dash-portal'}
2025-08-06 22:37:08,556 - config.config - INFO - User authenticated successfully: patel.hetas@northeastern.edu
2025-08-06 23:02:41,563 - config.config - INFO - Successfully uploaded original to MinIO: https://minio.dashlab.studio/presbotclone/6891001a7eed010843088096/originals/original_1754550161.wav
2025-08-06 23:02:41,564 - config.config - INFO - Successfully stored original metadata in database: 68941751739cf8a5ceb57842
2025-08-06 23:03:08,762 - faster_whisper - INFO - Processing audio with duration 00:23.280
2025-08-06 23:03:08,816 - faster_whisper - INFO - Detected language 'en' with probability 0.98
2025-08-06 23:03:52,337 - config.config - INFO - === CLONE REQUEST STARTED ===
2025-08-06 23:03:52,487 - config.config - INFO - Original audio - duration: 23.28 seconds
2025-08-06 23:03:52,487 - config.config - INFO - Original audio - sample_rate: 48000Hz
2025-08-06 23:03:52,894 - config.config - INFO - Best 12s segment - duration: 12.00 seconds
2025-08-06 23:03:52,894 - config.config - INFO - Best 12s segment - energy: 109525968.00
2025-08-06 23:03:52,896 - config.config - INFO - Transcribing 12-second clipped audio with Whisper...
2025-08-06 23:03:53,096 - faster_whisper - INFO - Processing audio with duration 00:12.000
2025-08-06 23:03:53,143 - faster_whisper - INFO - Detected language 'en' with probability 0.97
2025-08-06 23:03:53,356 - config.config - INFO - Whisper transcription of 12s clip: ' A data engineer is a technology professional who designs, builds and maintains systems that collect, process and store large volume of data.'
2025-08-06 23:03:53,356 - config.config - INFO - === F5-TTS COMMAND EXECUTION ===
2025-08-06 23:03:53,356 - config.config - INFO - Command: python3 src/f5_tts/infer/infer_cli.py --gen_text A data engineer is a technology professional who designs, builds, and maintains systems that collect, process, and store large volumes of data. . Their main goal is to ensure that data is reliable, accessible, and ready for analysis by data scientists, analysts, and other stakeholders. . The key responsibility of a data engineer is to ensure that data is reliable, accessible, and ready for analysis by data scientists, analysts, and other stakeholders. . --ref_audio /tmp/tmpk947swse_ref.wav --ref_text /tmp/tmp3lauxtbu_ref.txt --output_dir /tmp --output_file tmpe3g0r7vv_clone.wav --speed 1.0 --nfe_step 32 --cross_fade_duration 0.15
2025-08-06 23:03:53,356 - config.config - INFO - Expected output path: /tmp/tmpe3g0r7vv_clone.wav
2025-08-06 23:03:53,356 - config.config - INFO - Expected output duration: 38.89s
2025-08-06 23:04:02,577 - config.config - INFO - F5-TTS execution completed successfully
2025-08-06 23:04:02,577 - config.config - INFO - Generated audio - duration: 31.28 seconds
2025-08-06 23:04:02,577 - config.config - INFO - Generated audio - sample_rate: 24000Hz
2025-08-06 23:04:02,577 - config.config - INFO - Duration difference from expected: -7.61s
2025-08-06 23:04:02,624 - config.config - INFO - Successfully uploaded clone to MinIO: https://minio.dashlab.studio/presbotclone/6891001a7eed010843088096/clones/pk_audio_1_c46deaf7-c508-40c8-a597-b7c65a2d5f15.wav
2025-08-06 23:04:02,624 - config.config - INFO - Successfully stored clone metadata in database: 689417a2739cf8a5ceb57844
2025-08-06 23:04:02,625 - config.config - INFO - === CLONE REQUEST COMPLETED SUCCESSFULLY ===
2025-08-06 23:04:02,625 - config.config - INFO - Clone uploaded to MinIO: https://minio.dashlab.studio/presbotclone/6891001a7eed010843088096/clones/pk_audio_1_c46deaf7-c508-40c8-a597-b7c65a2d5f15.wav
2025-08-06 23:04:02,625 - config.config - INFO - Clone ID: 689417a2739cf8a5ceb57844
2025-08-06 23:24:15,579 - config.config - INFO - Successfully uploaded original to MinIO: https://minio.dashlab.studio/presbotclone/6891001a7eed010843088096/originals/original_1754551455.wav
2025-08-06 23:24:15,580 - config.config - INFO - Successfully stored original metadata in database: 68941c5f3805abeba998afd3
2025-08-06 23:25:39,010 - faster_whisper - INFO - Processing audio with duration 00:23.760
2025-08-06 23:25:39,285 - faster_whisper - INFO - Detected language 'en' with probability 1.00
2025-08-06 23:26:09,434 - config.config - INFO - === CLONE REQUEST STARTED ===
2025-08-06 23:26:09,568 - config.config - INFO - Original audio - duration: 23.76 seconds
2025-08-06 23:26:09,568 - config.config - INFO - Original audio - sample_rate: 48000Hz
2025-08-06 23:26:09,951 - config.config - INFO - Best 12s segment - duration: 12.00 seconds
2025-08-06 23:26:09,952 - config.config - INFO - Best 12s segment - energy: 137675024.00
2025-08-06 23:26:09,953 - config.config - INFO - Transcribing 12-second clipped audio with Whisper...
2025-08-06 23:26:10,158 - faster_whisper - INFO - Processing audio with duration 00:12.000
2025-08-06 23:26:10,198 - faster_whisper - INFO - Detected language 'en' with probability 0.99
2025-08-06 23:26:10,484 - config.config - INFO - Whisper transcription of 12s clip: ' A data scientist is a professional who analyzes data to extract meaningful insights and solve complex problems for organizations. They combine skills in statistics, programming, and analytics.'
2025-08-06 23:26:10,484 - config.config - INFO - === F5-TTS COMMAND EXECUTION ===
2025-08-06 23:26:10,484 - config.config - INFO - Command: python3 src/f5_tts/infer/infer_cli.py --gen_text A data scientist is a professional who analyzes data to extract meaningful insights and solve complex problems for organizations. They combine skills in statistics, programming, and domain expertise to turn raw data into actionable information. This involves understanding business needs, developing analytical models, and communicating findings to stakeholders. --ref_audio /tmp/tmpz8huq8no_ref.wav --ref_text /tmp/tmpaascd0sc_ref.txt --output_dir /tmp --output_file tmpw21qqwrx_clone.wav --speed 1.0 --nfe_step 32 --cross_fade_duration 0.15
2025-08-06 23:26:10,484 - config.config - INFO - Expected output path: /tmp/tmpw21qqwrx_clone.wav
2025-08-06 23:26:10,484 - config.config - INFO - Expected output duration: 22.51s
2025-08-06 23:26:20,045 - config.config - INFO - F5-TTS execution completed successfully
2025-08-06 23:26:20,046 - config.config - INFO - Generated audio - duration: 21.59 seconds
2025-08-06 23:26:20,046 - config.config - INFO - Generated audio - sample_rate: 24000Hz
2025-08-06 23:26:20,046 - config.config - INFO - Duration difference from expected: -0.92s
2025-08-06 23:26:20,094 - config.config - INFO - Successfully uploaded clone to MinIO: https://minio.dashlab.studio/presbotclone/6891001a7eed010843088096/clones/sneh_audio_1_f07fdbef-5776-4fd3-86fb-7f3505493b41.wav
2025-08-06 23:26:20,094 - config.config - INFO - Successfully stored clone metadata in database: 68941cdc538f168caefb5ebf
2025-08-06 23:26:20,095 - config.config - INFO - === CLONE REQUEST COMPLETED SUCCESSFULLY ===
2025-08-06 23:26:20,095 - config.config - INFO - Clone uploaded to MinIO: https://minio.dashlab.studio/presbotclone/6891001a7eed010843088096/clones/sneh_audio_1_f07fdbef-5776-4fd3-86fb-7f3505493b41.wav
2025-08-06 23:26:20,095 - config.config - INFO - Clone ID: 68941cdc538f168caefb5ebf
2025-08-07 00:26:51,277 - config.config - INFO - JWT payload decoded successfully: {'id': '6891001a7eed010843088096', 'email': 'patel.hetas@northeastern.edu', 'username': 'patel.hetas', 'name': 'Het Patel', 'service': 'presbot', 'purpose': 'external_service', 'iat': 1754540810, 'exp': 1754541110, 'aud': 'presbot', 'iss': 'dash-portal'}
2025-08-07 00:26:51,278 - config.config - INFO - User authenticated successfully: patel.hetas@northeastern.edu
2025-08-07 12:03:07,362 - config.config - INFO - JWT payload decoded successfully: {'id': '688a3d35efb247c59bd5a5ea', 'email': 'corriea.k@northeastern.edu', 'username': 'corriea.k', 'name': 'Kris Elias Corriea', 'service': 'presbot', 'purpose': 'external_service', 'iat': 1754582587, 'exp': 1754582887, 'aud': 'presbot', 'iss': 'dash-portal'}
2025-08-07 12:03:07,363 - config.config - INFO - User authenticated successfully: corriea.k@northeastern.edu
2025-08-07 12:25:14,759 - config.config - INFO - === CLONE REQUEST STARTED ===
2025-08-07 12:25:14,794 - config.config - INFO - Original audio - duration: 11.98 seconds
2025-08-07 12:25:14,794 - config.config - INFO - Original audio - sample_rate: 44100Hz
2025-08-07 12:25:15,023 - config.config - INFO - Best 12s segment - duration: 11.98 seconds
2025-08-07 12:25:15,024 - config.config - INFO - Best 12s segment - energy: 1254.00
2025-08-07 12:25:15,034 - config.config - INFO - Transcribing 12-second clipped audio with Whisper...
2025-08-07 12:25:15,050 - config.config - ERROR - === CLONE REQUEST FAILED ===
2025-08-07 12:25:15,050 - config.config - ERROR - Error: operands could not be broadcast together with remapped shapes [original->remapped]: (2,2)  and requested shape (3,2)
2025-08-07 12:25:15,050 - config.config - ERROR - Exception type: ValueError
2025-08-07 12:25:15,051 - config.config - ERROR - Traceback: Traceback (most recent call last):
  File "/opt/presBot/api/app.py", line 411, in clone_voice
    ref_text = transcribe_with_whisper(clipped_audio_path)
               ^^^^^^^^^^^^^^^^^^^^^^^^^^^^^^^^^^^^^^^^^^^
  File "/opt/presBot/utils/utils.py", line 24, in transcribe_with_whisper
    input_features = processor(waveform.squeeze(), sampling_rate=16000, return_tensors="pt").input_features
                     ^^^^^^^^^^^^^^^^^^^^^^^^^^^^^^^^^^^^^^^^^^^^^^^^^^^^^^^^^^^^^^^^^^^^^^^
  File "/opt/presBot/venv/lib/python3.12/site-packages/transformers/models/whisper/processing_whisper.py", line 69, in __call__
    inputs = self.feature_extractor(audio, *args, sampling_rate=sampling_rate, **kwargs)
             ^^^^^^^^^^^^^^^^^^^^^^^^^^^^^^^^^^^^^^^^^^^^^^^^^^^^^^^^^^^^^^^^^^^^^^^^^^^
  File "/opt/presBot/venv/lib/python3.12/site-packages/transformers/models/whisper/feature_extraction_whisper.py", line 295, in __call__
    padded_inputs = self.pad(
                    ^^^^^^^^^
  File "/opt/presBot/venv/lib/python3.12/site-packages/transformers/feature_extraction_sequence_utils.py", line 209, in pad
    outputs = self._pad(
              ^^^^^^^^^^
  File "/opt/presBot/venv/lib/python3.12/site-packages/transformers/feature_extraction_sequence_utils.py", line 281, in _pad
    processed_features[self.model_input_names[0]] = np.pad(
                                                    ^^^^^^^
  File "/opt/presBot/venv/lib/python3.12/site-packages/numpy/lib/arraypad.py", line 748, in pad
    pad_width = _as_pairs(pad_width, array.ndim, as_index=True)
                ^^^^^^^^^^^^^^^^^^^^^^^^^^^^^^^^^^^^^^^^^^^^^^^
  File "/opt/presBot/venv/lib/python3.12/site-packages/numpy/lib/arraypad.py", line 522, in _as_pairs
    return np.broadcast_to(x, (ndim, 2)).tolist()
           ^^^^^^^^^^^^^^^^^^^^^^^^^^^^^
  File "/opt/presBot/venv/lib/python3.12/site-packages/numpy/lib/stride_tricks.py", line 413, in broadcast_to
    return _broadcast_to(array, shape, subok=subok, readonly=True)
           ^^^^^^^^^^^^^^^^^^^^^^^^^^^^^^^^^^^^^^^^^^^^^^^^^^^^^^^
  File "/opt/presBot/venv/lib/python3.12/site-packages/numpy/lib/stride_tricks.py", line 349, in _broadcast_to
    it = np.nditer(
         ^^^^^^^^^^
ValueError: operands could not be broadcast together with remapped shapes [original->remapped]: (2,2)  and requested shape (3,2)

2025-08-07 12:25:22,006 - config.config - INFO - === CLONE REQUEST STARTED ===
2025-08-07 12:25:22,017 - config.config - INFO - Original audio - duration: 11.98 seconds
2025-08-07 12:25:22,017 - config.config - INFO - Original audio - sample_rate: 44100Hz
2025-08-07 12:25:22,223 - config.config - INFO - Best 12s segment - duration: 11.98 seconds
2025-08-07 12:25:22,224 - config.config - INFO - Best 12s segment - energy: 1254.00
2025-08-07 12:25:22,225 - config.config - INFO - Transcribing 12-second clipped audio with Whisper...
2025-08-07 12:25:22,234 - config.config - ERROR - === CLONE REQUEST FAILED ===
2025-08-07 12:25:22,234 - config.config - ERROR - Error: operands could not be broadcast together with remapped shapes [original->remapped]: (2,2)  and requested shape (3,2)
2025-08-07 12:25:22,234 - config.config - ERROR - Exception type: ValueError
2025-08-07 12:25:22,234 - config.config - ERROR - Traceback: Traceback (most recent call last):
  File "/opt/presBot/api/app.py", line 411, in clone_voice
    ref_text = transcribe_with_whisper(clipped_audio_path)
               ^^^^^^^^^^^^^^^^^^^^^^^^^^^^^^^^^^^^^^^^^^^
  File "/opt/presBot/utils/utils.py", line 24, in transcribe_with_whisper
    input_features = processor(waveform.squeeze(), sampling_rate=16000, return_tensors="pt").input_features
                     ^^^^^^^^^^^^^^^^^^^^^^^^^^^^^^^^^^^^^^^^^^^^^^^^^^^^^^^^^^^^^^^^^^^^^^^
  File "/opt/presBot/venv/lib/python3.12/site-packages/transformers/models/whisper/processing_whisper.py", line 69, in __call__
    inputs = self.feature_extractor(audio, *args, sampling_rate=sampling_rate, **kwargs)
             ^^^^^^^^^^^^^^^^^^^^^^^^^^^^^^^^^^^^^^^^^^^^^^^^^^^^^^^^^^^^^^^^^^^^^^^^^^^
  File "/opt/presBot/venv/lib/python3.12/site-packages/transformers/models/whisper/feature_extraction_whisper.py", line 295, in __call__
    padded_inputs = self.pad(
                    ^^^^^^^^^
  File "/opt/presBot/venv/lib/python3.12/site-packages/transformers/feature_extraction_sequence_utils.py", line 209, in pad
    outputs = self._pad(
              ^^^^^^^^^^
  File "/opt/presBot/venv/lib/python3.12/site-packages/transformers/feature_extraction_sequence_utils.py", line 281, in _pad
    processed_features[self.model_input_names[0]] = np.pad(
                                                    ^^^^^^^
  File "/opt/presBot/venv/lib/python3.12/site-packages/numpy/lib/arraypad.py", line 748, in pad
    pad_width = _as_pairs(pad_width, array.ndim, as_index=True)
                ^^^^^^^^^^^^^^^^^^^^^^^^^^^^^^^^^^^^^^^^^^^^^^^
  File "/opt/presBot/venv/lib/python3.12/site-packages/numpy/lib/arraypad.py", line 522, in _as_pairs
    return np.broadcast_to(x, (ndim, 2)).tolist()
           ^^^^^^^^^^^^^^^^^^^^^^^^^^^^^
  File "/opt/presBot/venv/lib/python3.12/site-packages/numpy/lib/stride_tricks.py", line 413, in broadcast_to
    return _broadcast_to(array, shape, subok=subok, readonly=True)
           ^^^^^^^^^^^^^^^^^^^^^^^^^^^^^^^^^^^^^^^^^^^^^^^^^^^^^^^
  File "/opt/presBot/venv/lib/python3.12/site-packages/numpy/lib/stride_tricks.py", line 349, in _broadcast_to
    it = np.nditer(
         ^^^^^^^^^^
ValueError: operands could not be broadcast together with remapped shapes [original->remapped]: (2,2)  and requested shape (3,2)

2025-08-07 12:27:58,932 - config.config - INFO - === CLONE REQUEST STARTED ===
2025-08-07 12:27:58,945 - config.config - INFO - Original audio - duration: 11.98 seconds
2025-08-07 12:27:58,945 - config.config - INFO - Original audio - sample_rate: 44100Hz
2025-08-07 12:27:59,175 - config.config - INFO - Best 12s segment - duration: 11.98 seconds
2025-08-07 12:27:59,175 - config.config - INFO - Best 12s segment - energy: 1254.00
2025-08-07 12:27:59,177 - config.config - INFO - Transcribing 12-second clipped audio with Whisper...
2025-08-07 12:28:00,031 - config.config - INFO - Whisper transcription of 12s clip: ' Okay, welcome back to database marketing. This week we will review some of the important statistical concepts that we need to keep in mind. I'll be progress through this course.'
2025-08-07 12:28:00,031 - config.config - INFO - === F5-TTS COMMAND EXECUTION ===
2025-08-07 12:28:00,031 - config.config - INFO - Command: python3 src/f5_tts/infer/infer_cli.py --gen_text Okay, welcome back to database marketing. This week, we will review some of the important statistical concepts that we need to keep in mind while we progress through this course. [pause] We will start with descriptive statistics, which include measures of central tendency, such as mean, median, and mode, as well as measures of variability, such as range and interquartile range. [pause] Next, we will move on to inferential statistics, which include hypothesis testing and confidence intervals. [pause] We will also discuss regression analysis, which is used to model the relationship between two or more variables. [pause] Finally, we will review some common statistical pitfalls to avoid, such as assuming causality and ignoring outliers. --ref_audio /tmp/tmpn4rf1_2b_ref.wav --ref_text /tmp/tmpevsgp30g_ref.txt --output_dir /tmp --output_file tmpsnahgizq_clone.wav --speed 1.0 --nfe_step 32 --cross_fade_duration 0.15
2025-08-07 12:28:00,031 - config.config - INFO - Expected output path: /tmp/tmpsnahgizq_clone.wav
2025-08-07 12:28:00,031 - config.config - INFO - Expected output duration: 49.94s
2025-08-07 12:28:10,954 - config.config - INFO - F5-TTS execution completed successfully
2025-08-07 12:28:10,954 - config.config - INFO - Generated audio - duration: 41.53 seconds
2025-08-07 12:28:10,954 - config.config - INFO - Generated audio - sample_rate: 24000Hz
2025-08-07 12:28:10,954 - config.config - INFO - Duration difference from expected: -8.41s
2025-08-07 12:28:11,004 - config.config - INFO - Successfully uploaded clone to MinIO: https://minio.dashlab.studio/presbotclone/688a3d35efb247c59bd5a5ea/clones/deba_6_0167e146-e9d1-4293-be3f-c7114503cae7.wav
2025-08-07 12:28:11,004 - config.config - INFO - Successfully stored clone metadata in database: 6894d41bd2a41bd3670dd28e
2025-08-07 12:28:11,005 - config.config - INFO - === CLONE REQUEST COMPLETED SUCCESSFULLY ===
2025-08-07 12:28:11,006 - config.config - INFO - Clone uploaded to MinIO: https://minio.dashlab.studio/presbotclone/688a3d35efb247c59bd5a5ea/clones/deba_6_0167e146-e9d1-4293-be3f-c7114503cae7.wav
2025-08-07 12:28:11,006 - config.config - INFO - Clone ID: 6894d41bd2a41bd3670dd28e
2025-08-07 12:38:29,075 - config.config - INFO - === CLONE REQUEST STARTED ===
2025-08-07 12:38:29,122 - config.config - INFO - Original audio - duration: 11.98 seconds
2025-08-07 12:38:29,122 - config.config - INFO - Original audio - sample_rate: 44100Hz
2025-08-07 12:38:29,350 - config.config - INFO - Best 12s segment - duration: 11.98 seconds
2025-08-07 12:38:29,351 - config.config - INFO - Best 12s segment - energy: 1254.00
2025-08-07 12:38:29,352 - config.config - INFO - Transcribing 12-second clipped audio with Whisper...
2025-08-07 12:38:38,955 - config.config - INFO - Whisper transcription of 12s clip: ' Okay, welcome back to database marketing. This week, we will review some of the important statistical concepts that we need to keep in mind while we progress through this course.'
2025-08-07 12:38:38,955 - config.config - INFO - === F5-TTS COMMAND EXECUTION ===
2025-08-07 12:38:38,955 - config.config - INFO - Command: python3 src/f5_tts/infer/infer_cli.py --gen_text Okay, welcome back to database marketing. This week, we will review some of the important statistical concepts that we need to keep in mind while we progress through this course. [pause] We will start with descriptive statistics, which include measures of central tendency, such as mean, median, and mode, as well as measures of variability, such as range and interquartile range. [pause] Next, we will move on to inferential statistics, which include hypothesis testing and confidence intervals. [pause] We will also discuss regression analysis, which is used to model the relationship between two or more variables. [pause] Finally, we will review some common statistical pitfalls to avoid, such as assuming causality and ignoring outliers. --ref_audio /tmp/tmpzjjo58fk_ref.wav --ref_text /tmp/tmprkg54fiy_ref.txt --output_dir /tmp --output_file tmpaailcfk9_clone.wav --speed 1.0 --nfe_step 32 --cross_fade_duration 0.15
2025-08-07 12:38:38,955 - config.config - INFO - Expected output path: /tmp/tmpaailcfk9_clone.wav
2025-08-07 12:38:38,955 - config.config - INFO - Expected output duration: 49.66s
2025-08-07 12:38:49,826 - config.config - INFO - F5-TTS execution completed successfully
2025-08-07 12:38:49,826 - config.config - INFO - Generated audio - duration: 41.29 seconds
2025-08-07 12:38:49,826 - config.config - INFO - Generated audio - sample_rate: 24000Hz
2025-08-07 12:38:49,826 - config.config - INFO - Duration difference from expected: -8.37s
2025-08-07 12:38:49,875 - config.config - INFO - Successfully uploaded clone to MinIO: https://minio.dashlab.studio/presbotclone/688a3d35efb247c59bd5a5ea/clones/deba_7_8d900295-f9bd-453a-b708-94f92897202d.wav
2025-08-07 12:38:49,876 - config.config - INFO - Successfully stored clone metadata in database: 6894d699bdb8dec2725c6733
2025-08-07 12:38:49,877 - config.config - INFO - === CLONE REQUEST COMPLETED SUCCESSFULLY ===
2025-08-07 12:38:49,877 - config.config - INFO - Clone uploaded to MinIO: https://minio.dashlab.studio/presbotclone/688a3d35efb247c59bd5a5ea/clones/deba_7_8d900295-f9bd-453a-b708-94f92897202d.wav
2025-08-07 12:38:49,877 - config.config - INFO - Clone ID: 6894d699bdb8dec2725c6733
2025-08-07 12:43:07,982 - config.config - INFO - === CLONE REQUEST STARTED ===
2025-08-07 12:43:07,993 - config.config - INFO - Original audio - duration: 11.98 seconds
2025-08-07 12:43:07,993 - config.config - INFO - Original audio - sample_rate: 44100Hz
2025-08-07 12:43:08,198 - config.config - INFO - Best 12s segment - duration: 11.98 seconds
2025-08-07 12:43:08,199 - config.config - INFO - Best 12s segment - energy: 1254.00
2025-08-07 12:43:08,200 - config.config - INFO - Transcribing 12-second clipped audio with Whisper...
2025-08-07 12:43:17,897 - config.config - INFO - Whisper transcription of 12s clip: ' Okay, welcome back to database marketing. This week, we will review some of the important statistical concepts that we need to keep in mind while we progress through this course.'
2025-08-07 12:43:17,897 - config.config - INFO - === F5-TTS COMMAND EXECUTION ===
2025-08-07 12:43:17,897 - config.config - INFO - Command: python3 src/f5_tts/infer/infer_cli.py --gen_text Okay, welcome back to database marketing. This week, we will review some of the important statistical concepts that we need to keep in mind while we progress through this course. --ref_audio /tmp/tmp5o8nl5zp_ref.wav --ref_text /tmp/tmpe3w6glnw_ref.txt --output_dir /tmp --output_file tmpdu9rojn9_clone.wav --speed 1.0 --nfe_step 32 --cross_fade_duration 0.15
2025-08-07 12:43:17,897 - config.config - INFO - Expected output path: /tmp/tmpdu9rojn9_clone.wav
2025-08-07 12:43:17,898 - config.config - INFO - Expected output duration: 11.91s
2025-08-07 12:43:26,326 - config.config - INFO - F5-TTS execution completed successfully
2025-08-07 12:43:26,327 - config.config - INFO - Generated audio - duration: 10.47 seconds
2025-08-07 12:43:26,327 - config.config - INFO - Generated audio - sample_rate: 24000Hz
2025-08-07 12:43:26,327 - config.config - INFO - Duration difference from expected: -1.44s
2025-08-07 12:43:26,366 - config.config - INFO - Successfully uploaded clone to MinIO: https://minio.dashlab.studio/presbotclone/688a3d35efb247c59bd5a5ea/clones/deba_8_866fd5ae-bfa1-4858-a834-7672402ceed1.wav
2025-08-07 12:43:26,366 - config.config - INFO - Successfully stored clone metadata in database: 6894d7ae7444b1ef16157c41
2025-08-07 12:43:26,367 - config.config - INFO - === CLONE REQUEST COMPLETED SUCCESSFULLY ===
2025-08-07 12:43:26,367 - config.config - INFO - Clone uploaded to MinIO: https://minio.dashlab.studio/presbotclone/688a3d35efb247c59bd5a5ea/clones/deba_8_866fd5ae-bfa1-4858-a834-7672402ceed1.wav
2025-08-07 12:43:26,367 - config.config - INFO - Clone ID: 6894d7ae7444b1ef16157c41
2025-08-07 12:44:08,999 - config.config - INFO - === CLONE REQUEST STARTED ===
2025-08-07 12:44:09,037 - config.config - INFO - Original audio - duration: 11.98 seconds
2025-08-07 12:44:09,037 - config.config - INFO - Original audio - sample_rate: 44100Hz
2025-08-07 12:44:09,246 - config.config - INFO - Best 12s segment - duration: 11.98 seconds
2025-08-07 12:44:09,246 - config.config - INFO - Best 12s segment - energy: 1254.00
2025-08-07 12:44:09,248 - config.config - INFO - Transcribing 12-second clipped audio with Whisper...
2025-08-07 12:44:19,335 - config.config - INFO - Whisper transcription of 12s clip: ' Okay, welcome back to database marketing. This week, we will review some of the important statistical concepts that we need to keep in mind while we progress through this course.'
2025-08-07 12:44:19,335 - config.config - INFO - === F5-TTS COMMAND EXECUTION ===
2025-08-07 12:44:19,335 - config.config - INFO - Command: python3 src/f5_tts/infer/infer_cli.py --gen_text Okay, welcome back to database marketing. This week, we will review some of the important statistical concepts that we need to keep in mind while we progress through this course. We will start with descriptive statistics, which include measures of central tendency, such as mean, median, and mode, as well as measures of variability, such as range and interquartile range. Next, we will move on to inferential statistics, which include hypothesis testing and confidence intervals. We will also discuss regression analysis, which is used to model the relationship between two or more variables. Finally, we will review some common statistical pitfalls to avoid, such as assuming causality and ignoring outliers. --ref_audio /tmp/tmpethswg7e_ref.wav --ref_text /tmp/tmpecs9evz2_ref.txt --output_dir /tmp --output_file tmptwdepb1v_clone.wav --speed 1.0 --nfe_step 32 --cross_fade_duration 0.15
2025-08-07 12:44:19,335 - config.config - INFO - Expected output path: /tmp/tmptwdepb1v_clone.wav
2025-08-07 12:44:19,335 - config.config - INFO - Expected output duration: 47.52s
2025-08-07 12:44:29,823 - config.config - INFO - F5-TTS execution completed successfully
2025-08-07 12:44:29,824 - config.config - INFO - Generated audio - duration: 41.15 seconds
2025-08-07 12:44:29,824 - config.config - INFO - Generated audio - sample_rate: 24000Hz
2025-08-07 12:44:29,824 - config.config - INFO - Duration difference from expected: -6.37s
2025-08-07 12:44:29,855 - config.config - INFO - Successfully uploaded clone to MinIO: https://minio.dashlab.studio/presbotclone/688a3d35efb247c59bd5a5ea/clones/deba_9_baa93cd5-fddb-466c-b49d-9ddc352cdb06.wav
2025-08-07 12:44:29,856 - config.config - INFO - Successfully stored clone metadata in database: 6894d7ed7444b1ef16157c42
2025-08-07 12:44:29,857 - config.config - INFO - === CLONE REQUEST COMPLETED SUCCESSFULLY ===
2025-08-07 12:44:29,857 - config.config - INFO - Clone uploaded to MinIO: https://minio.dashlab.studio/presbotclone/688a3d35efb247c59bd5a5ea/clones/deba_9_baa93cd5-fddb-466c-b49d-9ddc352cdb06.wav
2025-08-07 12:44:29,857 - config.config - INFO - Clone ID: 6894d7ed7444b1ef16157c42
2025-08-07 12:47:48,472 - config.config - INFO - Successfully uploaded original to MinIO: https://minio.dashlab.studio/presbotclone/68891d53d59f3bb5c8ff7fe4/originals/original_1754599668.wav
2025-08-07 12:47:48,473 - config.config - INFO - Successfully stored original metadata in database: 6894d8b47444b1ef16157c44
2025-08-07 12:48:27,475 - config.config - INFO - === CLONE REQUEST STARTED ===
2025-08-07 12:48:27,657 - config.config - INFO - Original audio - duration: 66.90 seconds
2025-08-07 12:48:27,658 - config.config - INFO - Original audio - sample_rate: 48000Hz
2025-08-07 12:48:28,565 - config.config - INFO - Best 12s segment - duration: 12.00 seconds
2025-08-07 12:48:28,566 - config.config - INFO - Best 12s segment - energy: 3797.00
2025-08-07 12:48:28,567 - config.config - INFO - Transcribing 12-second clipped audio with Whisper...
2025-08-07 12:48:37,480 - config.config - INFO - Whisper transcription of 12s clip: ' My research project on the impact of artificial intelligence on modern healthcare system. My study examines three key areas. First, AI-powered diagnostic tools. Second,'
2025-08-07 12:48:37,480 - config.config - INFO - === F5-TTS COMMAND EXECUTION ===
2025-08-07 12:48:37,480 - config.config - INFO - Command: python3 src/f5_tts/infer/infer_cli.py --gen_text My research project on the impact of artificial intelligence on modern healthcare system. My study examines three key areas. First, AI-powered diagnostic tools. Second, robotic surgery assistants. And the third last one, personalized treatment plans. To conduct this research, I employed a mixed method approach. Analyzed data from the 50 hospitals implementing AI technologies. And second, interviewed 30 healthcare professionals. --ref_audio /tmp/tmplax13nov_ref.wav --ref_text /tmp/tmpklj7h9ct_ref.txt --output_dir /tmp --output_file tmp8_sct20e_clone.wav --speed 1.0 --nfe_step 32 --cross_fade_duration 0.15
2025-08-07 12:48:37,480 - config.config - INFO - Expected output path: /tmp/tmp8_sct20e_clone.wav
2025-08-07 12:48:37,480 - config.config - INFO - Expected output duration: 30.60s
2025-08-07 12:48:47,167 - config.config - INFO - F5-TTS execution completed successfully
2025-08-07 12:48:47,168 - config.config - INFO - Generated audio - duration: 28.43 seconds
2025-08-07 12:48:47,168 - config.config - INFO - Generated audio - sample_rate: 24000Hz
2025-08-07 12:48:47,168 - config.config - INFO - Duration difference from expected: -2.18s
2025-08-07 12:48:47,199 - config.config - INFO - Successfully uploaded clone to MinIO: https://minio.dashlab.studio/presbotclone/688a3d35efb247c59bd5a5ea/clones/1_10ab297d-b74c-40e4-936b-b5d6ea56ae32.wav
2025-08-07 12:48:47,200 - config.config - INFO - Successfully stored clone metadata in database: 6894d8ef7444b1ef16157c46
2025-08-07 12:48:47,201 - config.config - INFO - === CLONE REQUEST COMPLETED SUCCESSFULLY ===
2025-08-07 12:48:47,201 - config.config - INFO - Clone uploaded to MinIO: https://minio.dashlab.studio/presbotclone/688a3d35efb247c59bd5a5ea/clones/1_10ab297d-b74c-40e4-936b-b5d6ea56ae32.wav
2025-08-07 12:48:47,201 - config.config - INFO - Clone ID: 6894d8ef7444b1ef16157c46
2025-08-07 12:49:19,195 - config.config - INFO - === CLONE REQUEST STARTED ===
2025-08-07 12:49:19,242 - config.config - INFO - Original audio - duration: 12.15 seconds
2025-08-07 12:49:19,242 - config.config - INFO - Original audio - sample_rate: 24000Hz
2025-08-07 12:49:19,319 - config.config - INFO - Best 12s segment - duration: 12.00 seconds
2025-08-07 12:49:19,320 - config.config - INFO - Best 12s segment - energy: 3130.00
2025-08-07 12:49:19,320 - config.config - INFO - Transcribing 12-second clipped audio with Whisper...
2025-08-07 12:49:29,582 - config.config - INFO - Whisper transcription of 12s clip: ' Hi, this is just a sample designed to test voice cloning. I'm speaking at a steady conversational pace so the system can capture the nuances of my voice including tone, inflection and'
2025-08-07 12:49:29,582 - config.config - INFO - === F5-TTS COMMAND EXECUTION ===
2025-08-07 12:49:29,582 - config.config - INFO - Command: python3 src/f5_tts/infer/infer_cli.py --gen_text Hi, this is just a sample designed to test voice cloning. I'm speaking at a steady conversational pace so the system can capture the nuances of my voice including tone, inflection, and cadence. This is a sample for testing voice cloning technology, and I'm speaking at a steady pace to ensure the system captures the nuances of my voice, including tone, inflection, and cadence. --ref_audio /tmp/tmpu_pxp9ox_ref.wav --ref_text /tmp/tmpngr971nc_ref.txt --output_dir /tmp --output_file tmpu0pxr266_clone.wav --speed 1.0 --nfe_step 32 --cross_fade_duration 0.15
2025-08-07 12:49:29,582 - config.config - INFO - Expected output path: /tmp/tmpu0pxr266_clone.wav
2025-08-07 12:49:29,583 - config.config - INFO - Expected output duration: 24.65s
2025-08-07 12:49:39,127 - config.config - INFO - F5-TTS execution completed successfully
2025-08-07 12:49:39,127 - config.config - INFO - Generated audio - duration: 22.76 seconds
2025-08-07 12:49:39,127 - config.config - INFO - Generated audio - sample_rate: 24000Hz
2025-08-07 12:49:39,127 - config.config - INFO - Duration difference from expected: -1.89s
2025-08-07 12:49:39,157 - config.config - INFO - Successfully uploaded clone to MinIO: https://minio.dashlab.studio/presbotclone/68891d53d59f3bb5c8ff7fe4/clones/test1_55dfb7a5-e284-4dd6-b929-de86a409b518.wav
2025-08-07 12:49:39,158 - config.config - INFO - Successfully stored clone metadata in database: 6894d9237444b1ef16157c47
2025-08-07 12:49:39,158 - config.config - INFO - === CLONE REQUEST COMPLETED SUCCESSFULLY ===
2025-08-07 12:49:39,158 - config.config - INFO - Clone uploaded to MinIO: https://minio.dashlab.studio/presbotclone/68891d53d59f3bb5c8ff7fe4/clones/test1_55dfb7a5-e284-4dd6-b929-de86a409b518.wav
2025-08-07 12:49:39,158 - config.config - INFO - Clone ID: 6894d9237444b1ef16157c47
2025-08-07 12:55:47,491 - config.config - INFO - Successfully uploaded original to MinIO: https://minio.dashlab.studio/presbotclone/688a3d35efb247c59bd5a5ea/originals/original_1754600147.wav
2025-08-07 12:55:47,491 - config.config - INFO - Successfully stored original metadata in database: 6894da937444b1ef16157c48
2025-08-07 12:57:25,673 - config.config - INFO - === CLONE REQUEST STARTED ===
2025-08-07 12:57:26,509 - config.config - INFO - Original audio - duration: 964.56 seconds
2025-08-07 12:57:26,509 - config.config - INFO - Original audio - sample_rate: 44100Hz
2025-08-07 12:57:36,877 - config.config - INFO - Best 12s segment - duration: 12.00 seconds
2025-08-07 12:57:36,878 - config.config - INFO - Best 12s segment - energy: 2779.00
2025-08-07 12:57:36,879 - config.config - INFO - Transcribing 12-second clipped audio with Whisper...
2025-08-07 12:57:46,873 - config.config - INFO - Whisper transcription of 12s clip: ' to tend to the soldiers upon their return, and to never, ever go to war without enough troops to win the war, secure the peace, and earn the respect of the world.'
2025-08-07 12:57:46,874 - config.config - INFO - === F5-TTS COMMAND EXECUTION ===
2025-08-07 12:57:46,874 - config.config - INFO - Command: python3 src/f5_tts/infer/infer_cli.py --gen_text Let me express my deepest gratitude for the privilege of addressing this convention. Tonight is a particular honor for me because, let's face it, my presence on this stage is pretty unlikely. My father was a foreign student, born and raised in a small village in Kenya. He grew up herding goats. As a young child, I would often hear him tell stories about his childhood, about the beauty of the African savannah, and the resilience of the people who lived there. These stories had a profound impact on me, shaping my perspective on the world and my place in it. They instilled in me a sense of wonder, a sense of curiosity, and a sense of responsibility. Today, I stand before you as a proud representative of the next generation of leaders, and I am committed to carrying on my father's legacy. I am committed to using my skills and experience to make a positive impact on the world, to address the challenges that we face, and to create a brighter future for all. I am honored to be part of this convention, and I look forward to working together with all of you to achieve great things. --ref_audio /tmp/tmp9y4o1686_ref.wav --ref_text /tmp/tmp9rch0m8b_ref.txt --output_dir /tmp --output_file tmpoax4zcj3_clone.wav --speed 1.0 --nfe_step 32 --cross_fade_duration 0.15
2025-08-07 12:57:46,874 - config.config - INFO - Expected output path: /tmp/tmpoax4zcj3_clone.wav
2025-08-07 12:57:46,874 - config.config - INFO - Expected output duration: 80.17s
2025-08-07 12:58:01,370 - config.config - INFO - F5-TTS execution completed successfully
2025-08-07 12:58:01,371 - config.config - INFO - Generated audio - duration: 77.07 seconds
2025-08-07 12:58:01,371 - config.config - INFO - Generated audio - sample_rate: 24000Hz
2025-08-07 12:58:01,371 - config.config - INFO - Duration difference from expected: -3.10s
2025-08-07 12:58:01,423 - config.config - INFO - Successfully uploaded clone to MinIO: https://minio.dashlab.studio/presbotclone/688a3d35efb247c59bd5a5ea/clones/test_9c6ee774-75c8-468f-80dd-2b213479a00b.wav
2025-08-07 12:58:01,424 - config.config - INFO - Successfully stored clone metadata in database: 6894db197444b1ef16157c4a
2025-08-07 12:58:01,427 - config.config - INFO - === CLONE REQUEST COMPLETED SUCCESSFULLY ===
2025-08-07 12:58:01,427 - config.config - INFO - Clone uploaded to MinIO: https://minio.dashlab.studio/presbotclone/688a3d35efb247c59bd5a5ea/clones/test_9c6ee774-75c8-468f-80dd-2b213479a00b.wav
2025-08-07 12:58:01,427 - config.config - INFO - Clone ID: 6894db197444b1ef16157c4a
2025-08-07 12:58:33,226 - config.config - INFO - === CLONE REQUEST STARTED ===
2025-08-07 12:58:34,095 - config.config - INFO - Original audio - duration: 964.56 seconds
2025-08-07 12:58:34,095 - config.config - INFO - Original audio - sample_rate: 44100Hz
2025-08-07 12:58:44,609 - config.config - INFO - Best 12s segment - duration: 12.00 seconds
2025-08-07 12:58:44,610 - config.config - INFO - Best 12s segment - energy: 2779.00
2025-08-07 12:58:44,610 - config.config - INFO - Transcribing 12-second clipped audio with Whisper...
2025-08-07 12:58:54,579 - config.config - INFO - Whisper transcription of 12s clip: ' to tend to the soldiers upon their return, and to never, ever go to war without enough troops to win the war, secure the peace, and earn the respect of the world.'
2025-08-07 12:58:54,579 - config.config - INFO - === F5-TTS COMMAND EXECUTION ===
2025-08-07 12:58:54,579 - config.config - INFO - Command: python3 src/f5_tts/infer/infer_cli.py --gen_text Okay, welcome back to database marketing. This week, we will review some of the important statistical concepts that we need to keep in mind while we progress through this course. We will start with descriptive statistics, which include measures of central tendency, such as mean, median, and mode, as well as measures of variability, such as range and interquartile range. Next, we will move on to inferential statistics, which include hypothesis testing and confidence intervals. We will also discuss regression analysis, which is used to model the relationship between two or more variables. Finally, we will review some common statistical pitfalls to avoid, such as assuming causality and ignoring outliers. --ref_audio /tmp/tmp7pptugzn_ref.wav --ref_text /tmp/tmpc6wu3wr8_ref.txt --output_dir /tmp --output_file tmpw018ovf9_clone.wav --speed 1.0 --nfe_step 32 --cross_fade_duration 0.15
2025-08-07 12:58:54,579 - config.config - INFO - Expected output path: /tmp/tmpw018ovf9_clone.wav
2025-08-07 12:58:54,579 - config.config - INFO - Expected output duration: 52.27s
2025-08-07 12:59:06,052 - config.config - INFO - F5-TTS execution completed successfully
2025-08-07 12:59:06,053 - config.config - INFO - Generated audio - duration: 50.38 seconds
2025-08-07 12:59:06,053 - config.config - INFO - Generated audio - sample_rate: 24000Hz
2025-08-07 12:59:06,053 - config.config - INFO - Duration difference from expected: -1.89s
2025-08-07 12:59:06,086 - config.config - INFO - Successfully uploaded clone to MinIO: https://minio.dashlab.studio/presbotclone/688a3d35efb247c59bd5a5ea/clones/obama_deb_b9ca68e9-8a2f-4346-99af-0a220a297c95.wav
2025-08-07 12:59:06,087 - config.config - INFO - Successfully stored clone metadata in database: 6894db5a7444b1ef16157c4b
2025-08-07 12:59:06,091 - config.config - INFO - === CLONE REQUEST COMPLETED SUCCESSFULLY ===
2025-08-07 12:59:06,091 - config.config - INFO - Clone uploaded to MinIO: https://minio.dashlab.studio/presbotclone/688a3d35efb247c59bd5a5ea/clones/obama_deb_b9ca68e9-8a2f-4346-99af-0a220a297c95.wav
2025-08-07 12:59:06,091 - config.config - INFO - Clone ID: 6894db5a7444b1ef16157c4b
2025-08-07 13:03:52,114 - config.config - INFO - Successfully uploaded original to MinIO: https://minio.dashlab.studio/presbotclone/68891d53d59f3bb5c8ff7fe4/originals/original_1754600632.wav
2025-08-07 13:03:52,115 - config.config - INFO - Successfully stored original metadata in database: 6894dc787444b1ef16157c4c
2025-08-07 13:06:17,564 - config.config - INFO - === CLONE REQUEST STARTED ===
2025-08-07 13:06:17,702 - config.config - INFO - Original audio - duration: 23.61 seconds
2025-08-07 13:06:17,702 - config.config - INFO - Original audio - sample_rate: 44100Hz
2025-08-07 13:06:18,259 - config.config - INFO - Best 12s segment - duration: 12.00 seconds
2025-08-07 13:06:18,259 - config.config - INFO - Best 12s segment - energy: 4012.00
2025-08-07 13:06:18,261 - config.config - INFO - Transcribing 12-second clipped audio with Whisper...
2025-08-07 13:06:29,275 - config.config - INFO - Whisper transcription of 12s clip: ' It happens for you. Sometimes I think that's the only thing that's important really. You know? Just letting each other know we're here. Reminding each other that we're here.'
2025-08-07 13:06:29,276 - config.config - INFO - === F5-TTS COMMAND EXECUTION ===
2025-08-07 13:06:29,276 - config.config - INFO - Command: python3 src/f5_tts/infer/infer_cli.py --gen_text Hey there, and welcome back to Moments Between the Chaos. I’m glad you’re here.
You know, the past few weeks have been a whirlwind — back-to-back deadlines, endless to-do lists, and that constant push to stay productive.

I even caught myself setting a timer for lunch… who does that?
But yesterday, something shifted.
I went for a walk without my headphones — no podcast, no music, just me and the city sounds.
And honestly? It was like hitting a reset button I didn’t know I needed.
So, today’s reminder is simple: even in the rush, give yourself permission to pause.
Because sometimes, the most productive thing you can do… is nothing at all.
Take that break. Breathe. And I’ll see you in the next episode.

Until then — stay kind, stay curious. --ref_audio /tmp/tmprh3hatla_ref.wav --ref_text /tmp/tmpg489k6b1_ref.txt --output_dir /tmp --output_file tmpcyef5qz7_clone.wav --speed 1.0 --nfe_step 32 --cross_fade_duration 0.15
2025-08-07 13:06:29,276 - config.config - INFO - Expected output path: /tmp/tmpcyef5qz7_clone.wav
2025-08-07 13:06:29,276 - config.config - INFO - Expected output duration: 53.72s
2025-08-07 13:06:41,215 - config.config - INFO - F5-TTS execution completed successfully
2025-08-07 13:06:41,216 - config.config - INFO - Generated audio - duration: 50.98 seconds
2025-08-07 13:06:41,216 - config.config - INFO - Generated audio - sample_rate: 24000Hz
2025-08-07 13:06:41,216 - config.config - INFO - Duration difference from expected: -2.74s
2025-08-07 13:06:41,263 - config.config - INFO - Successfully uploaded clone to MinIO: https://minio.dashlab.studio/presbotclone/68891d53d59f3bb5c8ff7fe4/clones/test2_jimcarry_927eab84-fb8e-4a02-9771-68dfc008748c.wav
2025-08-07 13:06:41,263 - config.config - INFO - Successfully stored clone metadata in database: 6894dd217444b1ef16157c4e
2025-08-07 13:06:41,264 - config.config - INFO - === CLONE REQUEST COMPLETED SUCCESSFULLY ===
2025-08-07 13:06:41,264 - config.config - INFO - Clone uploaded to MinIO: https://minio.dashlab.studio/presbotclone/68891d53d59f3bb5c8ff7fe4/clones/test2_jimcarry_927eab84-fb8e-4a02-9771-68dfc008748c.wav
2025-08-07 13:06:41,264 - config.config - INFO - Clone ID: 6894dd217444b1ef16157c4e
2025-08-07 13:12:42,882 - config.config - INFO - Successfully uploaded original to MinIO: https://minio.dashlab.studio/presbotclone/68891d53d59f3bb5c8ff7fe4/originals/original_1754601162.wav
2025-08-07 13:12:42,882 - config.config - INFO - Successfully stored original metadata in database: 6894de8a7444b1ef16157c4f
2025-08-07 13:14:00,512 - config.config - INFO - === CLONE REQUEST STARTED ===
2025-08-07 13:14:00,521 - config.config - INFO - Original audio - duration: 12.00 seconds
2025-08-07 13:14:00,521 - config.config - INFO - Original audio - sample_rate: 24000Hz
2025-08-07 13:14:00,603 - config.config - INFO - Best 12s segment - duration: 12.00 seconds
2025-08-07 13:14:00,604 - config.config - INFO - Best 12s segment - energy: 1467.00
2025-08-07 13:14:00,604 - config.config - INFO - Transcribing 12-second clipped audio with Whisper...
2025-08-07 13:14:11,909 - config.config - INFO - Whisper transcription of 12s clip: ' Okay, welcome back to database marketing. This week, we will review some of the important statistical concepts that we need to keep in mind as we progress. Now, I hope many of the things we are going to'
2025-08-07 13:14:11,909 - config.config - INFO - === F5-TTS COMMAND EXECUTION ===
2025-08-07 13:14:11,909 - config.config - INFO - Command: python3 src/f5_tts/infer/infer_cli.py --gen_text Okay, welcome back to database marketing. This week, we will review some of the important statistical concepts that we need to keep in mind as we progress. Now, I hope many of the things we are going to discuss are already familiar to you. One of the key concepts in database marketing is the concept of statistical significance. This is a measure of how likely it is that the results we see are due to chance. To determine this, we use a statistical test, such as a t-test or an ANOVA. These tests help us understand whether the results we see are due to chance or if they are statistically significant. Another important concept is the concept of correlation. This is a measure of how strongly two variables are related. A high correlation coefficient indicates a strong relationship between the two variables, while a low correlation coefficient indicates a weak relationship. We also need to consider the concept of regression. This is a statistical method used to model the relationship between a dependent variable and one or more independent variables. In database marketing, regression is often used to predict customer behavior or to identify patterns in customer data. Finally, we need to consider the concept of hypothesis testing. This is a statistical method used to test a hypothesis or assumption about a population. In database marketing, hypothesis testing is often used to test assumptions about customer behavior or to evaluate the effectiveness of a marketing campaign. I hope this review of statistical concepts has been helpful. If you have any questions or need further clarification on any of these concepts, please don't hesitate to ask.Hey there, and welcome back to Moments Between the Chaos. I’m glad you’re here.
You know, the past few weeks have been a whirlwind — back-to-back deadlines, endless to-do lists, and that constant push to stay productive.

I even caught myself setting a timer for lunch… who does that?
But yesterday, something shifted.
I went for a walk without my headphones — no podcast, no music, just me and the city sounds.
And honestly? It was like hitting a reset button I didn’t know I needed.
So, today’s reminder is simple: even in the rush, give yourself permission to pause.
Because sometimes, the most productive thing you can do… is nothing at all.
Take that break. Breathe. And I’ll see you in the next episode.

Until then — stay kind, stay curious. --ref_audio /tmp/tmpu25_u_sg_ref.wav --ref_text /tmp/tmp0n4rsnnu_ref.txt --output_dir /tmp --output_file tmpi8fx70zg_clone.wav --speed 1.0 --nfe_step 32 --cross_fade_duration 0.15
2025-08-07 13:14:11,909 - config.config - INFO - Expected output path: /tmp/tmpi8fx70zg_clone.wav
2025-08-07 13:14:11,909 - config.config - INFO - Expected output duration: 144.30s
2025-08-07 13:14:29,849 - config.config - INFO - F5-TTS execution completed successfully
2025-08-07 13:14:29,850 - config.config - INFO - Generated audio - duration: 137.49 seconds
2025-08-07 13:14:29,850 - config.config - INFO - Generated audio - sample_rate: 24000Hz
2025-08-07 13:14:29,850 - config.config - INFO - Duration difference from expected: -6.80s
2025-08-07 13:14:29,934 - config.config - INFO - Successfully uploaded clone to MinIO: https://minio.dashlab.studio/presbotclone/68891d53d59f3bb5c8ff7fe4/clones/test3_db_8aa03340-8f9b-435f-bc00-a1b5efd03744.wav
2025-08-07 13:14:29,935 - config.config - INFO - Successfully stored clone metadata in database: 6894def57444b1ef16157c51
2025-08-07 13:14:29,936 - config.config - INFO - === CLONE REQUEST COMPLETED SUCCESSFULLY ===
2025-08-07 13:14:29,936 - config.config - INFO - Clone uploaded to MinIO: https://minio.dashlab.studio/presbotclone/68891d53d59f3bb5c8ff7fe4/clones/test3_db_8aa03340-8f9b-435f-bc00-a1b5efd03744.wav
2025-08-07 13:14:29,936 - config.config - INFO - Clone ID: 6894def57444b1ef16157c51
2025-08-07 13:15:12,994 - config.config - INFO - === CLONE REQUEST STARTED ===
2025-08-07 13:15:13,002 - config.config - INFO - Original audio - duration: 12.00 seconds
2025-08-07 13:15:13,002 - config.config - INFO - Original audio - sample_rate: 24000Hz
2025-08-07 13:15:13,077 - config.config - INFO - Best 12s segment - duration: 12.00 seconds
2025-08-07 13:15:13,077 - config.config - INFO - Best 12s segment - energy: 1467.00
2025-08-07 13:15:13,077 - config.config - INFO - Transcribing 12-second clipped audio with Whisper...
2025-08-07 13:15:24,288 - config.config - INFO - Whisper transcription of 12s clip: ' Okay, welcome back to database marketing. This week, we will review some of the important statistical concepts that we need to keep in mind as we progress. Now, I hope many of the things we are going to'
2025-08-07 13:15:24,288 - config.config - INFO - === F5-TTS COMMAND EXECUTION ===
2025-08-07 13:15:24,289 - config.config - INFO - Command: python3 src/f5_tts/infer/infer_cli.py --gen_text Hey there, and welcome back to Moments Between the Chaos. I’m glad you’re here.
You know, the past few weeks have been a whirlwind — back-to-back deadlines, endless to-do lists, and that constant push to stay productive.

I even caught myself setting a timer for lunch… who does that?
But yesterday, something shifted.
I went for a walk without my headphones — no podcast, no music, just me and the city sounds.
And honestly? It was like hitting a reset button I didn’t know I needed.
So, today’s reminder is simple: even in the rush, give yourself permission to pause.
Because sometimes, the most productive thing you can do… is nothing at all.
Take that break. Breathe. And I’ll see you in the next episode.

Until then — stay kind, stay curious. --ref_audio /tmp/tmpip8rhs41_ref.wav --ref_text /tmp/tmpcl2uqarp_ref.txt --output_dir /tmp --output_file tmpwqiw_2if_clone.wav --speed 1.0 --nfe_step 32 --cross_fade_duration 0.15
2025-08-07 13:15:24,289 - config.config - INFO - Expected output path: /tmp/tmpwqiw_2if_clone.wav
2025-08-07 13:15:24,289 - config.config - INFO - Expected output duration: 46.05s
2025-08-07 13:15:34,895 - config.config - INFO - F5-TTS execution completed successfully
2025-08-07 13:15:34,895 - config.config - INFO - Generated audio - duration: 43.66 seconds
2025-08-07 13:15:34,895 - config.config - INFO - Generated audio - sample_rate: 24000Hz
2025-08-07 13:15:34,895 - config.config - INFO - Duration difference from expected: -2.39s
2025-08-07 13:15:34,922 - config.config - INFO - Successfully uploaded clone to MinIO: https://minio.dashlab.studio/presbotclone/68891d53d59f3bb5c8ff7fe4/clones/test4_db_f7a108e0-fe37-4941-a3f3-cac2913d43cd.wav
2025-08-07 13:15:34,922 - config.config - INFO - Successfully stored clone metadata in database: 6894df367444b1ef16157c52
2025-08-07 13:15:34,923 - config.config - INFO - === CLONE REQUEST COMPLETED SUCCESSFULLY ===
2025-08-07 13:15:34,923 - config.config - INFO - Clone uploaded to MinIO: https://minio.dashlab.studio/presbotclone/68891d53d59f3bb5c8ff7fe4/clones/test4_db_f7a108e0-fe37-4941-a3f3-cac2913d43cd.wav
2025-08-07 13:15:34,923 - config.config - INFO - Clone ID: 6894df367444b1ef16157c52
2025-08-07 14:17:54,278 - config.config - INFO - === CLONE REQUEST STARTED ===
2025-08-07 14:17:55,140 - config.config - INFO - Original audio - duration: 964.56 seconds
2025-08-07 14:17:55,140 - config.config - INFO - Original audio - sample_rate: 44100Hz
2025-08-07 14:18:05,500 - config.config - INFO - Best 12s segment - duration: 12.00 seconds
2025-08-07 14:18:05,501 - config.config - INFO - Best 12s segment - energy: 2779.00
2025-08-07 14:18:05,501 - config.config - INFO - Transcribing 12-second clipped audio with Whisper...
2025-08-07 14:18:16,095 - config.config - INFO - Whisper transcription of 12s clip: ' to tend to the soldiers upon their return, and to never, ever go to war without enough troops to win the war, secure the peace, and earn the respect of the world.'
2025-08-07 14:18:16,096 - config.config - INFO - === F5-TTS COMMAND EXECUTION ===
2025-08-07 14:18:16,096 - config.config - INFO - Command: python3 src/f5_tts/infer/infer_cli.py --gen_text Let me express my deepest gratitude for the privilege of addressing this convention. Tonight is a particular honor for me because, let's face it, my presence on this stage is pretty unlikely. My father was a foreign student, born and raised in a small village in Kenya. He grew up herding goats. I want to acknowledge the sacrifices he made for our family and the opportunities he provided for me. As I stand here tonight, I am reminded of the power of education to transform lives. It's a privilege to be part of this community and to contribute to the conversation about the future of our world. I'm excited to share my thoughts and ideas with you, and I look forward to hearing from you as well. Thank you. --ref_audio /tmp/tmpfrl53awq_ref.wav --ref_text /tmp/tmprm7hac7f_ref.txt --output_dir /tmp --output_file tmp0ph69t9__clone.wav --speed 1.0 --nfe_step 32 --cross_fade_duration 0.15
2025-08-07 14:18:16,096 - config.config - INFO - Expected output path: /tmp/tmp0ph69t9__clone.wav
2025-08-07 14:18:16,096 - config.config - INFO - Expected output duration: 52.20s
2025-08-07 14:18:28,126 - config.config - INFO - F5-TTS execution completed successfully
2025-08-07 14:18:28,126 - config.config - INFO - Generated audio - duration: 50.30 seconds
2025-08-07 14:18:28,126 - config.config - INFO - Generated audio - sample_rate: 24000Hz
2025-08-07 14:18:28,126 - config.config - INFO - Duration difference from expected: -1.90s
2025-08-07 14:18:28,176 - config.config - INFO - Successfully uploaded clone to MinIO: https://minio.dashlab.studio/presbotclone/688a3d35efb247c59bd5a5ea/clones/o2_ceed2099-f497-4fca-936c-cabffc75d35c.wav
2025-08-07 14:18:28,177 - config.config - INFO - Successfully stored clone metadata in database: 6894edf47444b1ef16157c56
2025-08-07 14:18:28,180 - config.config - INFO - === CLONE REQUEST COMPLETED SUCCESSFULLY ===
2025-08-07 14:18:28,181 - config.config - INFO - Clone uploaded to MinIO: https://minio.dashlab.studio/presbotclone/688a3d35efb247c59bd5a5ea/clones/o2_ceed2099-f497-4fca-936c-cabffc75d35c.wav
2025-08-07 14:18:28,181 - config.config - INFO - Clone ID: 6894edf47444b1ef16157c56
2025-08-07 14:24:15,260 - config.config - INFO - Successfully uploaded original to MinIO: https://minio.dashlab.studio/presbotclone/688a3d35efb247c59bd5a5ea/originals/original_1754605455.wav
2025-08-07 14:24:15,260 - config.config - INFO - Successfully stored original metadata in database: 6894ef4f7444b1ef16157c57
2025-08-07 14:42:02,051 - config.config - INFO - JWT payload decoded successfully: {'id': '688a3d35efb247c59bd5a5ea', 'email': 'corriea.k@northeastern.edu', 'username': 'corriea.k', 'name': 'Kris Elias Corriea', 'service': 'presbot', 'purpose': 'external_service', 'iat': 1754592121, 'exp': 1754592421, 'aud': 'presbot', 'iss': 'dash-portal'}
2025-08-07 14:42:02,056 - config.config - INFO - User authenticated successfully: corriea.k@northeastern.edu
2025-08-07 14:42:26,490 - faster_whisper - INFO - Processing audio with duration 16:04.557
2025-08-07 14:42:26,957 - faster_whisper - INFO - Detected language 'en' with probability 0.96
2025-08-07 14:46:43,159 - faster_whisper - INFO - Processing audio with duration 01:06.900
2025-08-07 14:46:43,219 - faster_whisper - INFO - Detected language 'en' with probability 0.99
2025-08-07 14:47:42,454 - config.config - INFO - === CLONE REQUEST STARTED ===
2025-08-07 14:47:42,662 - config.config - INFO - Original audio - duration: 66.90 seconds
2025-08-07 14:47:42,662 - config.config - INFO - Original audio - sample_rate: 48000Hz
2025-08-07 14:47:43,569 - config.config - INFO - Best 12s segment - duration: 12.00 seconds
2025-08-07 14:47:43,569 - config.config - INFO - Best 12s segment - energy: 3797.00
2025-08-07 14:47:43,570 - config.config - INFO - No full transcript provided, transcribing 12-second clipped audio with Whisper...
2025-08-07 14:47:43,785 - faster_whisper - INFO - Processing audio with duration 00:12.000
2025-08-07 14:47:43,847 - faster_whisper - INFO - Detected language 'en' with probability 0.95
2025-08-07 14:47:44,185 - config.config - INFO - Whisper transcription of 12s clip: ' My research project on the impact of artificial intelligence on modern healthcare system. My study examines three key areas. First, AI-powered diagnostic tools. Second, AI-powered diagnostic tools.'
2025-08-07 14:47:44,185 - config.config - INFO - Using 12s clip transcript for F5-TTS: ' My research project on the impact of artificial intelligence on modern healthcare system. My study examines three key areas. First, AI-powered diagnostic tools. Second, AI-powered diagnostic tools.'
2025-08-07 14:47:44,186 - config.config - INFO - === F5-TTS COMMAND EXECUTION ===
2025-08-07 14:47:44,186 - config.config - INFO - Command: python3 src/f5_tts/infer/infer_cli.py --gen_text In my research project on the impact of artificial intelligence on modern healthcare systems, my study exhibits three key areas. First, AI-powered diagnostic tools. Second, robotic surgery assistance. And the third, last one, personalized treatment plans. To conduct this research, I employed a mixed-methods approach. I analyzed data from the 50 hospitals implementing AI technologies. Second, I interviewed 30 healthcare professionals. And last, I reviewed 100 peer-reviewed articles on AI in medicine. The results of my study indicate that AI-powered diagnostics improve accuracy by 37 percent. The robotic surgery reduces recovery time by an average of 2.5 days. And the personalized treatment plans increase patient satisfaction by 42 percent. These findings suggest a significant positive impact of AI on healthcare outcomes. In conclusion, AI is transforming healthcare, offering improved efficiency, accuracy, and patient experiences. --ref_audio /tmp/tmpe8axuqp5_ref.wav --ref_text /tmp/tmplkd5f9qc_ref.txt --output_dir /tmp --output_file tmphfww74xx_clone.wav --speed 1.0 --nfe_step 32 --cross_fade_duration 0.15
2025-08-07 14:47:44,186 - config.config - INFO - Expected output path: /tmp/tmphfww74xx_clone.wav
2025-08-07 14:47:44,186 - config.config - INFO - Expected output duration: 57.09s
2025-08-07 14:47:55,754 - config.config - INFO - F5-TTS execution completed successfully
2025-08-07 14:47:55,754 - config.config - INFO - Generated audio - duration: 53.40 seconds
2025-08-07 14:47:55,754 - config.config - INFO - Generated audio - sample_rate: 24000Hz
2025-08-07 14:47:55,754 - config.config - INFO - Duration difference from expected: -3.69s
2025-08-07 14:47:55,807 - config.config - INFO - Successfully uploaded clone to MinIO: https://minio.dashlab.studio/presbotclone/688a3d35efb247c59bd5a5ea/clones/test_57afc733-ebf7-4bf6-85d1-e774daafaeab.wav
2025-08-07 14:47:55,807 - config.config - INFO - Successfully stored clone metadata in database: 6894f4db8df05ff226200da5
2025-08-07 14:47:55,808 - config.config - INFO - === CLONE REQUEST COMPLETED SUCCESSFULLY ===
2025-08-07 14:47:55,808 - config.config - INFO - Clone uploaded to MinIO: https://minio.dashlab.studio/presbotclone/688a3d35efb247c59bd5a5ea/clones/test_57afc733-ebf7-4bf6-85d1-e774daafaeab.wav
2025-08-07 14:47:55,808 - config.config - INFO - Clone ID: 6894f4db8df05ff226200da5
2025-08-07 14:54:29,901 - config.config - INFO - JWT payload decoded successfully: {'id': '688a3d35efb247c59bd5a5ea', 'email': 'corriea.k@northeastern.edu', 'username': 'corriea.k', 'name': 'Kris Elias Corriea', 'service': 'presbot', 'purpose': 'external_service', 'iat': 1754592869, 'exp': 1754593169, 'aud': 'presbot', 'iss': 'dash-portal'}
2025-08-07 14:54:29,906 - config.config - INFO - User authenticated successfully: corriea.k@northeastern.edu
2025-08-07 14:55:27,219 - faster_whisper - INFO - Processing audio with duration 01:06.900
2025-08-07 14:55:27,499 - faster_whisper - INFO - Detected language 'en' with probability 0.99
2025-08-07 14:56:27,341 - config.config - INFO - === CLONE REQUEST STARTED ===
2025-08-07 14:56:27,523 - config.config - INFO - Original audio - duration: 66.90 seconds
2025-08-07 14:56:27,523 - config.config - INFO - Original audio - sample_rate: 48000Hz
2025-08-07 14:56:28,434 - config.config - INFO - Best 12s segment - duration: 12.00 seconds
2025-08-07 14:56:28,435 - config.config - INFO - Best 12s segment - energy: 3797.00
2025-08-07 14:56:28,436 - config.config - INFO - No full transcript provided, transcribing 12-second clipped audio with Whisper...
2025-08-07 14:56:28,653 - faster_whisper - INFO - Processing audio with duration 00:12.000
2025-08-07 14:56:28,723 - faster_whisper - INFO - Detected language 'en' with probability 0.95
2025-08-07 14:56:29,063 - config.config - INFO - Whisper transcription of 12s clip: ' My research project on the impact of artificial intelligence on modern healthcare system. My study examines three key areas. First, AI-powered diagnostic tools. Second, AI-powered diagnostic tools.'
2025-08-07 14:56:29,063 - config.config - INFO - Using 12s clip transcript for F5-TTS: ' My research project on the impact of artificial intelligence on modern healthcare system. My study examines three key areas. First, AI-powered diagnostic tools. Second, AI-powered diagnostic tools.'
2025-08-07 14:56:29,063 - config.config - INFO - === F5-TTS COMMAND EXECUTION ===
2025-08-07 14:56:29,063 - config.config - INFO - Command: python3 src/f5_tts/infer/infer_cli.py --gen_text In my research project on the impact of artificial intelligence on modern healthcare system, my study exhibits three key areas. First, AI-powered diagnostic tools. Second, robotic surgery assistance. And the third, last one, personalized treatment plans. To conduct this research, I employed a mixed-methods approach. I analyzed data from the 50 hospitals implementing AI technologies, second, I interviewed 30 healthcare professionals, and last, I reviewed 100 peer-reviewed articles on AI in medicine. The results of my study indicate that AI-powered diagnostics improve accuracy by 37 percent. The robotic surgery reduces recovery time by an average of 2.5 days. The personalized treatment plans increase patient satisfaction by 42 percent. These findings suggest a significant positive impact of AI on healthcare outcomes. In conclusion, AI is transforming healthcare, offering improved efficiency, accuracy, and patient experiences. --ref_audio /tmp/tmpe0xj7uwd_ref.wav --ref_text /tmp/tmpbzqloggt_ref.txt --output_dir /tmp --output_file tmp9tx4yuth_clone.wav --speed 1.0 --nfe_step 32 --cross_fade_duration 0.15
2025-08-07 14:56:29,063 - config.config - INFO - Expected output path: /tmp/tmp9tx4yuth_clone.wav
2025-08-07 14:56:29,064 - config.config - INFO - Expected output duration: 56.79s
2025-08-07 14:56:40,500 - config.config - INFO - F5-TTS execution completed successfully
2025-08-07 14:56:40,501 - config.config - INFO - Generated audio - duration: 53.10 seconds
2025-08-07 14:56:40,501 - config.config - INFO - Generated audio - sample_rate: 24000Hz
2025-08-07 14:56:40,501 - config.config - INFO - Duration difference from expected: -3.68s
2025-08-07 14:56:40,551 - config.config - INFO - Successfully uploaded clone to MinIO: https://minio.dashlab.studio/presbotclone/688a3d35efb247c59bd5a5ea/clones/podcast_973122_39a1a1da-1fc3-4aed-9673-8950cad57b86.wav
2025-08-07 14:56:40,552 - config.config - INFO - Successfully stored clone metadata in database: 6894f6e8940c9a848fee7173
2025-08-07 14:56:40,553 - config.config - INFO - === CLONE REQUEST COMPLETED SUCCESSFULLY ===
2025-08-07 14:56:40,553 - config.config - INFO - Clone uploaded to MinIO: https://minio.dashlab.studio/presbotclone/688a3d35efb247c59bd5a5ea/clones/podcast_973122_39a1a1da-1fc3-4aed-9673-8950cad57b86.wav
2025-08-07 14:56:40,553 - config.config - INFO - Clone ID: 6894f6e8940c9a848fee7173
2025-08-07 16:19:38,196 - config.config - INFO - JWT payload decoded successfully: {'id': '688a3d35efb247c59bd5a5ea', 'email': 'corriea.k@northeastern.edu', 'username': 'corriea.k', 'name': 'Kris Elias Corriea', 'service': 'presbot', 'purpose': 'external_service', 'iat': 1754597977, 'exp': 1754598277, 'aud': 'presbot', 'iss': 'dash-portal'}
2025-08-07 16:19:38,201 - config.config - INFO - User authenticated successfully: corriea.k@northeastern.edu
2025-08-07 16:20:14,957 - faster_whisper - INFO - Processing audio with duration 01:06.900
2025-08-07 16:22:01,561 - faster_whisper - INFO - Processing audio with duration 01:06.900
2025-08-07 16:32:05,648 - config.config - INFO - JWT payload decoded successfully: {'id': '688a3d35efb247c59bd5a5ea', 'email': 'corriea.k@northeastern.edu', 'username': 'corriea.k', 'name': 'Kris Elias Corriea', 'service': 'presbot', 'purpose': 'external_service', 'iat': 1754598725, 'exp': 1754599025, 'aud': 'presbot', 'iss': 'dash-portal'}
2025-08-07 16:32:05,654 - config.config - INFO - User authenticated successfully: corriea.k@northeastern.edu
2025-08-07 16:32:28,595 - faster_whisper - INFO - Processing audio with duration 01:06.900
2025-08-07 16:32:40,053 - faster_whisper - INFO - Processing audio with duration 01:06.900
2025-08-07 16:43:42,349 - config.config - INFO - JWT payload decoded successfully: {'id': '688a3d35efb247c59bd5a5ea', 'email': 'corriea.k@northeastern.edu', 'username': 'corriea.k', 'name': 'Kris Elias Corriea', 'service': 'presbot', 'purpose': 'external_service', 'iat': 1754599422, 'exp': 1754599722, 'aud': 'presbot', 'iss': 'dash-portal'}
2025-08-07 16:43:42,355 - config.config - INFO - User authenticated successfully: corriea.k@northeastern.edu
2025-08-07 16:43:57,095 - faster_whisper - INFO - Processing audio with duration 01:06.900
2025-08-07 16:44:37,081 - faster_whisper - INFO - Processing audio with duration 01:06.900
2025-08-07 16:54:16,641 - faster_whisper - INFO - Processing audio with duration 01:06.900
2025-08-07 16:55:28,351 - config.config - INFO - JWT payload decoded successfully: {'id': '688a3d35efb247c59bd5a5ea', 'email': 'corriea.k@northeastern.edu', 'username': 'corriea.k', 'name': 'Kris Elias Corriea', 'service': 'presbot', 'purpose': 'external_service', 'iat': 1754600128, 'exp': 1754600428, 'aud': 'presbot', 'iss': 'dash-portal'}
2025-08-07 16:55:28,352 - config.config - INFO - User authenticated successfully: corriea.k@northeastern.edu
2025-08-07 16:55:42,223 - faster_whisper - INFO - Processing audio with duration 01:06.900
2025-08-07 16:58:38,360 - faster_whisper - INFO - Processing audio with duration 01:06.900
2025-08-07 16:58:49,856 - config.config - INFO - Successfully uploaded original to MinIO: https://minio.dashlab.studio/presbotclone/688a3d35efb247c59bd5a5ea/originals/original_1754614729.wav
2025-08-07 16:58:49,857 - config.config - INFO - Successfully stored original metadata in database: 689513899758ff1ae5b8952c
2025-08-07 16:58:52,171 - faster_whisper - INFO - Processing audio with duration 01:06.900
2025-08-07 17:03:22,459 - config.config - INFO - JWT payload decoded successfully: {'id': '688a3d35efb247c59bd5a5ea', 'email': 'corriea.k@northeastern.edu', 'username': 'corriea.k', 'name': 'Kris Elias Corriea', 'service': 'presbot', 'purpose': 'external_service', 'iat': 1754600602, 'exp': 1754600902, 'aud': 'presbot', 'iss': 'dash-portal'}
2025-08-07 17:03:22,466 - config.config - INFO - User authenticated successfully: corriea.k@northeastern.edu
2025-08-07 17:03:38,120 - faster_whisper - INFO - Processing audio with duration 01:06.900
2025-08-07 18:34:00,576 - config.config - INFO - JWT payload decoded successfully: {'id': '6891001a7eed010843088096', 'email': 'patel.hetas@northeastern.edu', 'username': 'patel.hetas', 'name': 'Het Patel', 'service': 'presbot', 'purpose': 'external_service', 'iat': 1754606040, 'exp': 1754606340, 'aud': 'presbot', 'iss': 'dash-portal'}
2025-08-07 18:34:00,581 - config.config - INFO - User authenticated successfully: patel.hetas@northeastern.edu
2025-08-07 18:34:25,464 - faster_whisper - INFO - Processing audio with duration 00:23.760
2025-08-07 18:34:42,771 - faster_whisper - INFO - Processing audio with duration 00:23.760
2025-08-07 18:35:09,616 - faster_whisper - INFO - Processing audio with duration 00:23.760
2025-08-07 18:35:15,331 - faster_whisper - INFO - Processing audio with duration 00:23.760
2025-08-07 18:42:02,932 - config.config - INFO - JWT payload decoded successfully: {'id': '688a3d35efb247c59bd5a5ea', 'email': 'corriea.k@northeastern.edu', 'username': 'corriea.k', 'name': 'Kris Elias Corriea', 'service': 'presbot', 'purpose': 'external_service', 'iat': 1754606522, 'exp': 1754606822, 'aud': 'presbot', 'iss': 'dash-portal'}
2025-08-07 18:42:02,933 - config.config - INFO - User authenticated successfully: corriea.k@northeastern.edu
2025-08-07 18:42:19,047 - faster_whisper - INFO - Processing audio with duration 01:06.900
2025-08-07 18:42:54,649 - faster_whisper - INFO - Processing audio with duration 01:06.900
2025-08-07 18:51:53,928 - faster_whisper - INFO - Processing audio with duration 00:23.760
2025-08-07 18:55:37,126 - faster_whisper - INFO - Processing audio with duration 00:23.760
2025-08-07 18:55:54,073 - faster_whisper - INFO - Processing audio with duration 00:23.280
2025-08-07 19:04:44,138 - faster_whisper - INFO - Processing audio with duration 00:23.760
2025-08-07 19:12:00,784 - faster_whisper - INFO - Processing audio with duration 00:23.760
2025-08-07 19:12:01,058 - faster_whisper - INFO - Detected language 'en' with probability 1.00
2025-08-07 21:01:49,746 - config.config - INFO - JWT payload decoded successfully: {'id': '688a3d35efb247c59bd5a5ea', 'email': 'corriea.k@northeastern.edu', 'username': 'corriea.k', 'name': 'Kris Elias Corriea', 'service': 'presbot', 'purpose': 'external_service', 'iat': 1754614909, 'exp': 1754615209, 'aud': 'presbot', 'iss': 'dash-portal'}
2025-08-07 21:01:49,747 - config.config - INFO - User authenticated successfully: corriea.k@northeastern.edu
2025-08-08 13:23:16,440 - config.config - INFO - JWT payload decoded successfully: {'id': '688a3d35efb247c59bd5a5ea', 'email': 'corriea.k@northeastern.edu', 'username': 'corriea.k', 'name': 'Kris Elias Corriea', 'service': 'presbot', 'purpose': 'external_service', 'iat': 1754673796, 'exp': 1754674096, 'aud': 'presbot', 'iss': 'dash-portal'}
2025-08-08 13:23:16,441 - config.config - INFO - User authenticated successfully: corriea.k@northeastern.edu
2025-08-08 13:28:26,349 - faster_whisper - INFO - Processing audio with duration 01:06.900
2025-08-08 13:28:26,456 - faster_whisper - INFO - Detected language 'en' with probability 0.99
2025-08-08 13:30:47,028 - config.config - INFO - === CLONE REQUEST STARTED ===
2025-08-08 13:30:47,219 - config.config - INFO - Original audio - duration: 66.90 seconds
2025-08-08 13:30:47,219 - config.config - INFO - Original audio - sample_rate: 48000Hz
2025-08-08 13:30:48,789 - config.config - INFO - Best 12s segment - duration: 12.00 seconds
2025-08-08 13:30:48,790 - config.config - INFO - Best 12s segment - energy: 3797.00
2025-08-08 13:30:48,791 - config.config - INFO - No full transcript provided, transcribing 12-second clipped audio with Whisper...
2025-08-08 13:30:48,868 - faster_whisper - INFO - Processing audio with duration 00:12.000
2025-08-08 13:30:48,951 - faster_whisper - INFO - Detected language 'en' with probability 0.96
2025-08-08 13:30:49,194 - config.config - INFO - Whisper transcription of 12s clip: ' My research project on the impact of artificial intelligence on modern healthcare system. My study examines three key areas. First, AI-powered diagnostic tools. Second,'
2025-08-08 13:30:49,194 - config.config - INFO - Using 12s clip transcript for F5-TTS: ' My research project on the impact of artificial intelligence on modern healthcare system. My study examines three key areas. First, AI-powered diagnostic tools. Second,'
2025-08-08 13:30:49,194 - config.config - INFO - === F5-TTS COMMAND EXECUTION ===
2025-08-08 13:30:49,194 - config.config - INFO - Command: python3 src/f5_tts/infer/infer_cli.py --gen_text In my research project on the impact of artificial intelligence on modern healthcare systems, my study exhibits three key areas. First, AI-powered diagnostic tools. Second, robotic surgery assistance. And the third, last one, personalized treatment plans. To conduct this research, I employed a mixed-method approach. I analyzed data from the 50 hospitals implementing AI technologies. Second, I interviewed 30 healthcare professionals. And last, I reviewed 100 peer-reviewed articles on AI in medicine. The results of my study indicate that AI-powered diagnostics improve accuracy by 37 percent. Robotic surgery reduces recovery time by an average of 2.5 days. And personalized treatment plans increase patient satisfaction by 42 percent. These findings suggest a significant positive impact of AI on healthcare outcomes. In conclusion, AI is transforming healthcare by offering improved efficiency, accuracy, and patient experiences. --ref_audio /tmp/tmpl1nrzlvn_ref.wav --ref_text /tmp/tmp285jntrd_ref.txt --output_dir /tmp --output_file tmp4oyof75q_clone.wav --speed 1.0 --nfe_step 32 --cross_fade_duration 0.15
2025-08-08 13:30:49,194 - config.config - INFO - Expected output path: /tmp/tmp4oyof75q_clone.wav
2025-08-08 13:30:49,195 - config.config - INFO - Expected output duration: 66.39s
2025-08-08 13:31:16,579 - config.config - INFO - F5-TTS execution completed successfully
2025-08-08 13:31:16,596 - config.config - INFO - Generated audio - duration: 416.25 seconds
2025-08-08 13:31:16,596 - config.config - INFO - Generated audio - sample_rate: 24000Hz
2025-08-08 13:31:16,596 - config.config - INFO - Duration difference from expected: 349.86s
2025-08-08 13:31:16,782 - config.config - INFO - Successfully uploaded clone to MinIO: https://minio.dashlab.studio/presbotclone/688a3d35efb247c59bd5a5ea/clones/presentation_241929_bf4ccaf1-d007-4e15-8a37-74af56a24dc7.wav
2025-08-08 13:31:16,783 - config.config - INFO - Successfully stored clone metadata in database: 689634641cd3cecd93b3da40
2025-08-08 13:31:16,787 - config.config - INFO - === CLONE REQUEST COMPLETED SUCCESSFULLY ===
2025-08-08 13:31:16,787 - config.config - INFO - Clone uploaded to MinIO: https://minio.dashlab.studio/presbotclone/688a3d35efb247c59bd5a5ea/clones/presentation_241929_bf4ccaf1-d007-4e15-8a37-74af56a24dc7.wav
2025-08-08 13:31:16,787 - config.config - INFO - Clone ID: 689634641cd3cecd93b3da40
2025-08-08 13:59:31,870 - config.config - INFO - Successfully uploaded original to MinIO: https://minio.dashlab.studio/presbotclone/68891d53d59f3bb5c8ff7fe4/originals/original_1754690371.wav
2025-08-08 13:59:31,871 - config.config - INFO - Successfully stored original metadata in database: 68963b031cd3cecd93b3da41
2025-08-08 13:59:36,173 - faster_whisper - INFO - Processing audio with duration 01:06.900
2025-08-08 13:59:36,306 - faster_whisper - INFO - Detected language 'en' with probability 0.99
2025-08-08 14:00:20,278 - config.config - INFO - === CLONE REQUEST STARTED ===
2025-08-08 14:00:20,454 - config.config - INFO - Original audio - duration: 66.90 seconds
2025-08-08 14:00:20,454 - config.config - INFO - Original audio - sample_rate: 48000Hz
2025-08-08 14:00:22,025 - config.config - INFO - Best 12s segment - duration: 12.00 seconds
2025-08-08 14:00:22,025 - config.config - INFO - Best 12s segment - energy: 3797.00
2025-08-08 14:00:22,026 - config.config - INFO - No full transcript provided, transcribing 12-second clipped audio with Whisper...
2025-08-08 14:00:22,105 - faster_whisper - INFO - Processing audio with duration 00:12.000
2025-08-08 14:00:22,190 - faster_whisper - INFO - Detected language 'en' with probability 0.96
2025-08-08 14:00:22,432 - config.config - INFO - Whisper transcription of 12s clip: ' My research project on the impact of artificial intelligence on modern healthcare system. My study examines three key areas. First, AI-powered diagnostic tools. Second,'
2025-08-08 14:00:22,432 - config.config - INFO - Using 12s clip transcript for F5-TTS: ' My research project on the impact of artificial intelligence on modern healthcare system. My study examines three key areas. First, AI-powered diagnostic tools. Second,'
2025-08-08 14:00:22,432 - config.config - INFO - === F5-TTS COMMAND EXECUTION ===
2025-08-08 14:00:22,432 - config.config - INFO - Command: python3 src/f5_tts/infer/infer_cli.py --gen_text in my research project on the impact of artificial intelligence on modern healthcare systems, my study exhibits three key areas. First, AI-powered diagnostic tools. Second, robotic surgery assistance. And the third, last one, personalized treatment plans. To conduct this research, I employed a mixed-methods approach. I analyzed data from the 50 hospitals implementing AI technologies, and second, I interviewed 30 healthcare professionals. And last, I reviewed 100 peer-reviewed articles on AI in medicine. The results of my study indicate that AI-powered diagnostics improve accuracy by 37 percent. The robotic surgery reduces recovery time by an average of 2.5 days. And the personalized treatment plans increase patient satisfaction by 42 percent. These findings suggest a significant positive impact of AI on healthcare outcomes. In conclusion, AI is transforming healthcare by offering improved efficiency, accuracy, and patient experiences. --ref_audio /tmp/tmppzr2k8po_ref.wav --ref_text /tmp/tmp0v551c32_ref.txt --output_dir /tmp --output_file tmpp0c96dqz_clone.wav --speed 1.0 --nfe_step 32 --cross_fade_duration 0.15
2025-08-08 14:00:22,432 - config.config - INFO - Expected output path: /tmp/tmpp0c96dqz_clone.wav
2025-08-08 14:00:22,433 - config.config - INFO - Expected output duration: 67.31s
2025-08-08 14:00:46,982 - config.config - INFO - F5-TTS execution completed successfully
2025-08-08 14:00:46,992 - config.config - INFO - Generated audio - duration: 413.12 seconds
2025-08-08 14:00:46,992 - config.config - INFO - Generated audio - sample_rate: 24000Hz
2025-08-08 14:00:46,992 - config.config - INFO - Duration difference from expected: 345.80s
2025-08-08 14:00:47,143 - config.config - INFO - Successfully uploaded clone to MinIO: https://minio.dashlab.studio/presbotclone/68891d53d59f3bb5c8ff7fe4/clones/badetest1_f12c1b5f-d376-4a25-a179-de3874cf3a05.wav
2025-08-08 14:00:47,144 - config.config - INFO - Successfully stored clone metadata in database: 68963b4f1cd3cecd93b3da43
2025-08-08 14:00:47,147 - config.config - INFO - === CLONE REQUEST COMPLETED SUCCESSFULLY ===
2025-08-08 14:00:47,147 - config.config - INFO - Clone uploaded to MinIO: https://minio.dashlab.studio/presbotclone/68891d53d59f3bb5c8ff7fe4/clones/badetest1_f12c1b5f-d376-4a25-a179-de3874cf3a05.wav
2025-08-08 14:00:47,147 - config.config - INFO - Clone ID: 68963b4f1cd3cecd93b3da43
2025-08-08 14:02:53,661 - config.config - INFO - === CLONE REQUEST STARTED ===
2025-08-08 14:02:53,841 - config.config - INFO - Original audio - duration: 66.90 seconds
2025-08-08 14:02:53,841 - config.config - INFO - Original audio - sample_rate: 48000Hz
2025-08-08 14:02:55,428 - config.config - INFO - Best 12s segment - duration: 12.00 seconds
2025-08-08 14:02:55,428 - config.config - INFO - Best 12s segment - energy: 3797.00
2025-08-08 14:02:55,438 - config.config - INFO - No full transcript provided, transcribing 12-second clipped audio with Whisper...
2025-08-08 14:02:55,509 - faster_whisper - INFO - Processing audio with duration 00:12.000
2025-08-08 14:02:55,592 - faster_whisper - INFO - Detected language 'en' with probability 0.96
2025-08-08 14:02:55,832 - config.config - INFO - Whisper transcription of 12s clip: ' My research project on the impact of artificial intelligence on modern healthcare system. My study examines three key areas. First, AI-powered diagnostic tools. Second,'
2025-08-08 14:02:55,832 - config.config - INFO - Using 12s clip transcript for F5-TTS: ' My research project on the impact of artificial intelligence on modern healthcare system. My study examines three key areas. First, AI-powered diagnostic tools. Second,'
2025-08-08 14:02:55,833 - config.config - INFO - === F5-TTS COMMAND EXECUTION ===
2025-08-08 14:02:55,833 - config.config - INFO - Command: python3 src/f5_tts/infer/infer_cli.py --gen_text in my research project on the impact of artificial intelligence on modern healthcare systems, my study exhibits three key areas. First, AI-powered diagnostic tools. Second, robotic surgery assistance. And the third, last one, personalized treatment plans. To conduct this research, I employed a mixed-methods approach. I analyzed data from the 50 hospitals implementing AI technologies, and second, I interviewed 30 healthcare professionals. And last, I reviewed 100 peer-reviewed articles on AI in medicine. The results of my study indicate that AI-powered diagnostics improve accuracy by 37 percent. The robotic surgery reduces recovery time by an average of 2.5 days. And the personalized treatment plans increase patient satisfaction by 42 percent. These findings suggest a significant positive impact of AI on healthcare outcomes. In conclusion, AI is transforming healthcare by offering improved efficiency, accuracy, and patient experiences. --ref_audio /tmp/tmpwbc0sug5_ref.wav --ref_text /tmp/tmpxc2b6f25_ref.txt --output_dir /tmp --output_file tmpa4ug5f5i_clone.wav --speed 1.0 --nfe_step 32 --cross_fade_duration 0.15
2025-08-08 14:02:55,833 - config.config - INFO - Expected output path: /tmp/tmpa4ug5f5i_clone.wav
2025-08-08 14:02:55,833 - config.config - INFO - Expected output duration: 67.31s
2025-08-08 14:03:20,280 - config.config - INFO - F5-TTS execution completed successfully
2025-08-08 14:03:20,291 - config.config - INFO - Generated audio - duration: 413.12 seconds
2025-08-08 14:03:20,291 - config.config - INFO - Generated audio - sample_rate: 24000Hz
2025-08-08 14:03:20,291 - config.config - INFO - Duration difference from expected: 345.80s
2025-08-08 14:03:20,444 - config.config - INFO - Successfully uploaded clone to MinIO: https://minio.dashlab.studio/presbotclone/68891d53d59f3bb5c8ff7fe4/clones/badetest2_0aec4c5d-487e-4892-98a0-476963aa0992.wav
2025-08-08 14:03:20,445 - config.config - INFO - Successfully stored clone metadata in database: 68963be81cd3cecd93b3da44
2025-08-08 14:03:20,448 - config.config - INFO - === CLONE REQUEST COMPLETED SUCCESSFULLY ===
2025-08-08 14:03:20,448 - config.config - INFO - Clone uploaded to MinIO: https://minio.dashlab.studio/presbotclone/68891d53d59f3bb5c8ff7fe4/clones/badetest2_0aec4c5d-487e-4892-98a0-476963aa0992.wav
2025-08-08 14:03:20,449 - config.config - INFO - Clone ID: 68963be81cd3cecd93b3da44
2025-08-08 14:04:54,349 - config.config - INFO - Successfully uploaded original to MinIO: https://minio.dashlab.studio/presbotclone/68891d53d59f3bb5c8ff7fe4/originals/original_1754690694.wav
2025-08-08 14:04:54,349 - config.config - INFO - Successfully stored original metadata in database: 68963c461cd3cecd93b3da45
2025-08-08 14:04:56,809 - faster_whisper - INFO - Processing audio with duration 00:12.153
2025-08-08 14:04:56,885 - faster_whisper - INFO - Detected language 'en' with probability 0.98
2025-08-08 14:09:57,295 - config.config - INFO - JWT payload decoded successfully: {'id': '688a3d35efb247c59bd5a5ea', 'email': 'corriea.k@northeastern.edu', 'username': 'corriea.k', 'name': 'Kris Elias Corriea', 'service': 'presbot', 'purpose': 'external_service', 'iat': 1754676303, 'exp': 1754676603, 'aud': 'presbot', 'iss': 'dash-portal'}
2025-08-08 14:09:57,296 - config.config - INFO - User authenticated successfully: corriea.k@northeastern.edu
2025-08-08 16:05:10,604 - config.config - INFO - JWT payload decoded successfully: {'id': '688a3d35efb247c59bd5a5ea', 'email': 'corriea.k@northeastern.edu', 'username': 'corriea.k', 'name': 'Kris Elias Corriea', 'service': 'presbot', 'purpose': 'external_service', 'iat': 1754683510, 'exp': 1754683810, 'aud': 'presbot', 'iss': 'dash-portal'}
2025-08-08 16:05:10,606 - config.config - INFO - User authenticated successfully: corriea.k@northeastern.edu
2025-08-08 17:51:33,733 - faster_whisper - INFO - Processing audio with duration 01:06.900
2025-08-08 17:51:33,847 - faster_whisper - INFO - Detected language 'en' with probability 0.99
2025-08-08 18:12:03,008 - config.config - INFO - JWT payload decoded successfully: {'id': '688a3d35efb247c59bd5a5ea', 'email': 'corriea.k@northeastern.edu', 'username': 'corriea.k', 'name': 'Kris Elias Corriea', 'service': 'presbot', 'purpose': 'external_service', 'iat': 1754691122, 'exp': 1754691422, 'aud': 'presbot', 'iss': 'dash-portal'}
2025-08-08 18:12:03,014 - config.config - INFO - User authenticated successfully: corriea.k@northeastern.edu
2025-08-08 18:12:22,288 - faster_whisper - INFO - Processing audio with duration 01:06.900
2025-08-08 18:12:22,596 - faster_whisper - INFO - Detected language 'en' with probability 0.99
2025-08-08 18:15:42,056 - config.config - INFO - === CLONE REQUEST STARTED ===
2025-08-08 18:15:42,231 - config.config - INFO - Original audio - duration: 66.90 seconds
2025-08-08 18:15:42,231 - config.config - INFO - Original audio - sample_rate: 48000Hz
2025-08-08 18:15:43,810 - config.config - INFO - Best 12s segment - duration: 12.00 seconds
2025-08-08 18:15:43,810 - config.config - INFO - Best 12s segment - energy: 3797.00
2025-08-08 18:15:43,811 - config.config - INFO - Transcribing 12-second clipped audio with Whisper for reference text...
2025-08-08 18:15:43,891 - faster_whisper - INFO - Processing audio with duration 00:12.000
2025-08-08 18:15:43,971 - faster_whisper - INFO - Detected language 'en' with probability 0.96
2025-08-08 18:15:44,213 - config.config - INFO - Whisper transcription of 12s clip: ' My research project on the impact of artificial intelligence on modern healthcare system. My study examines three key areas. First, AI-powered diagnostic tools. Second,'
2025-08-08 18:15:44,213 - config.config - INFO - Using 12s clip transcript for F5-TTS: ' My research project on the impact of artificial intelligence on modern healthcare system. My study examines three key areas. First, AI-powered diagnostic tools. Second,'
2025-08-08 18:15:44,213 - config.config - INFO - === F5-TTS COMMAND EXECUTION ===
2025-08-08 18:15:44,213 - config.config - INFO - Command: python3 src/f5_tts/infer/infer_cli.py --gen_text in my research project on the impact of artificial intelligence on modern healthcare system my study exhibits three key areas first AI power diagnostic tools second robotic surgery assistance and the third last one personalized treatment plans to conduct this research I employed a mixed method approach analyze data from the 50 hospitals implementing AI technologies and second interviewed 30 healthcare professionals and last reviewed 100 peer-reviewed articles on AI in machine the result of my study indicate that the AI power diagnostics improve accuracy by 37 percent the robotic surgery reduces recovery time by an average of 2.5 days the personalized treatment plans increases patient satisfaction by 42 percent these findings suggest a significant positive impact of AI on the healthcare outcomes in the conclusion AI is transforming a healthcare offered improved efficiency accuracy and patient experiences --ref_audio /tmp/tmpxvn25dyu_ref.wav --ref_text /tmp/tmplur8rdko_ref.txt --output_dir /tmp --output_file tmpfpjz5n9c_clone.wav --speed 1.0 --nfe_step 32 --cross_fade_duration 0.15
2025-08-08 18:15:44,213 - config.config - INFO - Expected output path: /tmp/tmpfpjz5n9c_clone.wav
2025-08-08 18:15:44,213 - config.config - INFO - Expected output duration: 65.04s
2025-08-08 18:15:52,551 - config.config - INFO - F5-TTS execution completed successfully
2025-08-08 18:15:52,551 - config.config - INFO - Generated audio - duration: 32.05 seconds
2025-08-08 18:15:52,551 - config.config - INFO - Generated audio - sample_rate: 24000Hz
2025-08-08 18:15:52,551 - config.config - INFO - Duration difference from expected: -32.99s
2025-08-08 18:15:52,592 - config.config - INFO - Successfully uploaded clone to MinIO: https://minio.dashlab.studio/presbotclone/688a3d35efb247c59bd5a5ea/clones/podcast_189767_3fccd9c0-d453-4ef7-8fe4-e61648ce5a10.wav
2025-08-08 18:15:52,593 - config.config - INFO - Successfully stored clone metadata in database: 68967718f515886bc73f7f3d
2025-08-08 18:15:52,594 - config.config - INFO - === CLONE REQUEST COMPLETED SUCCESSFULLY ===
2025-08-08 18:15:52,594 - config.config - INFO - Clone uploaded to MinIO: https://minio.dashlab.studio/presbotclone/688a3d35efb247c59bd5a5ea/clones/podcast_189767_3fccd9c0-d453-4ef7-8fe4-e61648ce5a10.wav
2025-08-08 18:15:52,594 - config.config - INFO - Clone ID: 68967718f515886bc73f7f3d
2025-08-08 18:23:23,879 - config.config - INFO - Successfully uploaded original to MinIO: https://minio.dashlab.studio/presbotclone/688a3d35efb247c59bd5a5ea/originals/original_1754706203.wav
2025-08-08 18:23:23,880 - config.config - INFO - Successfully stored original metadata in database: 689678dbf515886bc73f7f3e
2025-08-08 18:23:28,938 - faster_whisper - INFO - Processing audio with duration 00:11.982
2025-08-08 18:23:29,019 - faster_whisper - INFO - Detected language 'en' with probability 1.00
2025-08-08 18:24:18,450 - config.config - INFO - === CLONE REQUEST STARTED ===
2025-08-08 18:24:18,461 - config.config - INFO - Original audio - duration: 11.98 seconds
2025-08-08 18:24:18,461 - config.config - INFO - Original audio - sample_rate: 44100Hz
2025-08-08 18:24:18,936 - config.config - INFO - Best 12s segment - duration: 11.98 seconds
2025-08-08 18:24:18,938 - config.config - INFO - Best 12s segment - energy: 1254.00
2025-08-08 18:24:18,948 - config.config - INFO - Transcribing 12-second clipped audio with Whisper for reference text...
2025-08-08 18:24:19,024 - faster_whisper - INFO - Processing audio with duration 00:11.981
2025-08-08 18:24:19,112 - faster_whisper - INFO - Detected language 'en' with probability 1.00
2025-08-08 18:24:19,377 - config.config - INFO - Whisper transcription of 12s clip: ' Okay, welcome back to Database Marketing. This week, we will review some of the important statistical concepts that we need to keep in mind while we progress through this course.'
2025-08-08 18:24:19,377 - config.config - INFO - Using 12s clip transcript for F5-TTS: ' Okay, welcome back to Database Marketing. This week, we will review some of the important statistical concepts that we need to keep in mind while we progress through this course.'
2025-08-08 18:24:19,377 - config.config - INFO - === F5-TTS COMMAND EXECUTION ===
2025-08-08 18:24:19,377 - config.config - INFO - Command: python3 src/f5_tts/infer/infer_cli.py --gen_text Okay, welcome back to database marketing. This week, we will review some of the important statistical concepts that we need to keep in mind while we progress through this course. --ref_audio /tmp/tmpqs8mfkw__ref.wav --ref_text /tmp/tmp_m25leka_ref.txt --output_dir /tmp --output_file tmpuuvbwo_e_clone.wav --speed 1.0 --nfe_step 32 --cross_fade_duration 0.15
2025-08-08 18:24:19,377 - config.config - INFO - Expected output path: /tmp/tmpuuvbwo_e_clone.wav
2025-08-08 18:24:19,377 - config.config - INFO - Expected output duration: 11.91s
2025-08-08 18:24:28,886 - config.config - INFO - F5-TTS execution completed successfully
2025-08-08 18:24:28,887 - config.config - INFO - Generated audio - duration: 56.88 seconds
2025-08-08 18:24:28,887 - config.config - INFO - Generated audio - sample_rate: 24000Hz
2025-08-08 18:24:28,887 - config.config - INFO - Duration difference from expected: 44.97s
2025-08-08 18:24:28,925 - config.config - INFO - Successfully uploaded clone to MinIO: https://minio.dashlab.studio/presbotclone/688a3d35efb247c59bd5a5ea/clones/podcast_189767_4ae2c3d1-b09d-4a4b-8348-b1579076c797.wav
2025-08-08 18:24:28,926 - config.config - INFO - Successfully stored clone metadata in database: 6896791cf515886bc73f7f40
2025-08-08 18:24:28,927 - config.config - INFO - === CLONE REQUEST COMPLETED SUCCESSFULLY ===
2025-08-08 18:24:28,927 - config.config - INFO - Clone uploaded to MinIO: https://minio.dashlab.studio/presbotclone/688a3d35efb247c59bd5a5ea/clones/podcast_189767_4ae2c3d1-b09d-4a4b-8348-b1579076c797.wav
2025-08-08 18:24:28,927 - config.config - INFO - Clone ID: 6896791cf515886bc73f7f40
2025-08-08 18:32:11,327 - config.config - INFO - === CLONE REQUEST STARTED ===
2025-08-08 18:32:11,373 - config.config - INFO - Original audio - duration: 11.98 seconds
2025-08-08 18:32:11,373 - config.config - INFO - Original audio - sample_rate: 44100Hz
2025-08-08 18:32:11,801 - config.config - INFO - Best 12s segment - duration: 11.98 seconds
2025-08-08 18:32:11,803 - config.config - INFO - Best 12s segment - energy: 1254.00
2025-08-08 18:32:11,804 - config.config - INFO - Transcribing 12-second clipped audio with Whisper for reference text...
2025-08-08 18:32:11,885 - faster_whisper - INFO - Processing audio with duration 00:11.981
2025-08-08 18:32:12,150 - faster_whisper - INFO - Detected language 'en' with probability 1.00
2025-08-08 18:32:12,441 - config.config - INFO - Whisper transcription of 12s clip: ' Okay, welcome back to Database Marketing. This week, we will review some of the important statistical concepts that we need to keep in mind while we progress through this course.'
2025-08-08 18:32:12,441 - config.config - INFO - Using 12s clip transcript for F5-TTS: ' Okay, welcome back to Database Marketing. This week, we will review some of the important statistical concepts that we need to keep in mind while we progress through this course.'
2025-08-08 18:32:12,441 - config.config - INFO - Created ref_text file: /tmp/tmpuyuv5oat_ref.txt
2025-08-08 18:32:12,441 - config.config - INFO - File exists: True
2025-08-08 18:32:12,441 - config.config - INFO - File content: ' Okay, welcome back to Database Marketing. This week, we will review some of the important statistical concepts that we need to keep in mind while we progress through this course.'
2025-08-08 18:32:12,441 - config.config - INFO - Content matches ref_text: True
2025-08-08 18:32:12,441 - config.config - INFO - === F5-TTS COMMAND EXECUTION ===
2025-08-08 18:32:12,441 - config.config - INFO - Command: python3 src/f5_tts/infer/infer_cli.py --gen_text Okay, welcome back to database marketing. This week, we will review some of the important statistical concepts that we need to keep in mind while we progress through this course. --ref_audio /tmp/tmptbuqcszp_ref.wav --ref_text /tmp/tmpuyuv5oat_ref.txt --output_dir /tmp --output_file tmp8fi1ou_x_clone.wav --speed 1.0 --nfe_step 32 --cross_fade_duration 0.15
2025-08-08 18:32:12,441 - config.config - INFO - Expected output path: /tmp/tmp8fi1ou_x_clone.wav
2025-08-08 18:32:12,441 - config.config - INFO - Expected output duration: 11.91s
2025-08-08 18:32:22,151 - config.config - INFO - F5-TTS execution completed successfully
2025-08-08 18:32:22,152 - config.config - INFO - Generated audio - duration: 56.88 seconds
2025-08-08 18:32:22,152 - config.config - INFO - Generated audio - sample_rate: 24000Hz
2025-08-08 18:32:22,152 - config.config - INFO - Duration difference from expected: 44.97s
2025-08-08 18:32:22,202 - config.config - INFO - Successfully uploaded clone to MinIO: https://minio.dashlab.studio/presbotclone/688a3d35efb247c59bd5a5ea/clones/presentation_329469_1afa3275-8bab-4334-a16e-39c281da8dbe.wav
2025-08-08 18:32:22,203 - config.config - INFO - Successfully stored clone metadata in database: 68967af6c093b28ea8058fd2
2025-08-08 18:32:22,203 - config.config - INFO - === CLONE REQUEST COMPLETED SUCCESSFULLY ===
2025-08-08 18:32:22,204 - config.config - INFO - Clone uploaded to MinIO: https://minio.dashlab.studio/presbotclone/688a3d35efb247c59bd5a5ea/clones/presentation_329469_1afa3275-8bab-4334-a16e-39c281da8dbe.wav
2025-08-08 18:32:22,204 - config.config - INFO - Clone ID: 68967af6c093b28ea8058fd2
2025-08-08 18:38:44,305 - config.config - INFO - === CLONE REQUEST STARTED ===
2025-08-08 18:38:44,357 - config.config - INFO - Original audio - duration: 11.98 seconds
2025-08-08 18:38:44,357 - config.config - INFO - Original audio - sample_rate: 44100Hz
2025-08-08 18:38:44,833 - config.config - INFO - Best 12s segment - duration: 11.98 seconds
2025-08-08 18:38:44,834 - config.config - INFO - Best 12s segment - energy: 1254.00
2025-08-08 18:38:44,844 - config.config - INFO - Transcribing 12-second clipped audio with Whisper for reference text...
2025-08-08 18:38:44,923 - faster_whisper - INFO - Processing audio with duration 00:11.981
2025-08-08 18:38:45,189 - faster_whisper - INFO - Detected language 'en' with probability 1.00
2025-08-08 18:38:45,477 - config.config - INFO - Whisper transcription of 12s clip: ' Okay, welcome back to Database Marketing. This week, we will review some of the important statistical concepts that we need to keep in mind while we progress through this course.'
2025-08-08 18:38:45,477 - config.config - INFO - Using 12s clip transcript for F5-TTS: ' Okay, welcome back to Database Marketing. This week, we will review some of the important statistical concepts that we need to keep in mind while we progress through this course.'
2025-08-08 18:38:45,478 - config.config - INFO - === F5-TTS COMMAND EXECUTION ===
2025-08-08 18:38:45,478 - config.config - INFO - Command: python3 src/f5_tts/infer/infer_cli.py --gen_text Okay, welcome back to database marketing. This week, we will review some of the important statistical concepts that we need to keep in mind while we progress through this course. --ref_audio /tmp/tmpxtuz4vrs_ref.wav --ref_text  Okay, welcome back to Database Marketing. This week, we will review some of the important statistical concepts that we need to keep in mind while we progress through this course. --output_dir /tmp --output_file tmphwmweik6_clone.wav --speed 1.0 --nfe_step 32 --cross_fade_duration 0.15
2025-08-08 18:38:45,478 - config.config - INFO - Expected output path: /tmp/tmphwmweik6_clone.wav
2025-08-08 18:38:45,478 - config.config - INFO - Expected output duration: 11.91s
2025-08-08 18:38:52,908 - config.config - INFO - F5-TTS execution completed successfully
2025-08-08 18:38:52,909 - config.config - INFO - Generated audio - duration: 10.47 seconds
2025-08-08 18:38:52,909 - config.config - INFO - Generated audio - sample_rate: 24000Hz
2025-08-08 18:38:52,909 - config.config - INFO - Duration difference from expected: -1.44s
2025-08-08 18:38:52,956 - config.config - INFO - Successfully uploaded clone to MinIO: https://minio.dashlab.studio/presbotclone/688a3d35efb247c59bd5a5ea/clones/voice_719376_fe78dc94-0505-49ab-97d0-5acd0f646374.wav
2025-08-08 18:38:52,957 - config.config - INFO - Successfully stored clone metadata in database: 68967c7c1d3b1a192df3e5b5
2025-08-08 18:38:52,957 - config.config - ERROR - === CLONE REQUEST FAILED ===
2025-08-08 18:38:52,957 - config.config - ERROR - Error: name 'ref_text_path' is not defined
2025-08-08 18:38:52,957 - config.config - ERROR - Exception type: NameError
2025-08-08 18:38:52,957 - config.config - ERROR - Traceback: Traceback (most recent call last):
  File "/opt/presBot/api/app.py", line 553, in clone_voice
    for f in [temp_audio_path, clipped_audio_path, ref_text_path, output_path]:
NameError: name 'ref_text_path' is not defined

2025-08-08 18:40:58,559 - config.config - INFO - JWT payload decoded successfully: {'id': '688a3d35efb247c59bd5a5ea', 'email': 'corriea.k@northeastern.edu', 'username': 'corriea.k', 'name': 'Kris Elias Corriea', 'service': 'presbot', 'purpose': 'external_service', 'iat': 1754692858, 'exp': 1754693158, 'aud': 'presbot', 'iss': 'dash-portal'}
2025-08-08 18:40:58,564 - config.config - INFO - User authenticated successfully: corriea.k@northeastern.edu
2025-08-08 18:41:23,851 - faster_whisper - INFO - Processing audio with duration 01:06.900
2025-08-08 18:41:24,136 - faster_whisper - INFO - Detected language 'en' with probability 0.99
2025-08-08 18:41:52,667 - config.config - INFO - === CLONE REQUEST STARTED ===
2025-08-08 18:41:52,837 - config.config - INFO - Original audio - duration: 66.90 seconds
2025-08-08 18:41:52,837 - config.config - INFO - Original audio - sample_rate: 48000Hz
2025-08-08 18:41:54,395 - config.config - INFO - Best 12s segment - duration: 12.00 seconds
2025-08-08 18:41:54,395 - config.config - INFO - Best 12s segment - energy: 3797.00
2025-08-08 18:41:54,396 - config.config - INFO - Transcribing 12-second clipped audio with Whisper for reference text...
2025-08-08 18:41:54,472 - faster_whisper - INFO - Processing audio with duration 00:12.000
2025-08-08 18:41:54,539 - faster_whisper - INFO - Detected language 'en' with probability 0.96
2025-08-08 18:41:54,782 - config.config - INFO - Whisper transcription of 12s clip: ' My research project on the impact of artificial intelligence on modern healthcare system. My study examines three key areas. First, AI-powered diagnostic tools. Second,'
2025-08-08 18:41:54,782 - config.config - INFO - Using 12s clip transcript for F5-TTS: ' My research project on the impact of artificial intelligence on modern healthcare system. My study examines three key areas. First, AI-powered diagnostic tools. Second,'
2025-08-08 18:41:54,782 - config.config - INFO - Passing ref_text directly to F5-TTS: ' My research project on the impact of artificial intelligence on modern healthcare system. My study examines three key areas. First, AI-powered diagnostic tools. Second,'
2025-08-08 18:41:54,782 - config.config - INFO - === F5-TTS COMMAND EXECUTION ===
2025-08-08 18:41:54,782 - config.config - INFO - Command: python3 src/f5_tts/infer/infer_cli.py --gen_text in my research project on the impact of artificial intelligence on modern healthcare systems, my study exhibits three key areas. First, AI-powered diagnostic tools. Second, robotic surgery assistance. And the third, last one, personalized treatment plans. To conduct this research, I employed a mixed-methods approach. I analyzed data from the 50 hospitals implementing AI technologies. Second, I interviewed 30 healthcare professionals. And last, I reviewed 100 peer-reviewed articles on AI in medicine. The results of my study indicate that AI-powered diagnostics improve accuracy by 37 percent. The robotic surgery reduces recovery time by an average of 2.5 days. The personalized treatment plans increase patient satisfaction by 42 percent. These findings suggest a significant positive impact of AI on healthcare outcomes. In conclusion, AI is transforming healthcare, offering improved efficiency, accuracy, and patient experiences. --ref_audio /tmp/tmp307yswrc_ref.wav --ref_text  My research project on the impact of artificial intelligence on modern healthcare system. My study examines three key areas. First, AI-powered diagnostic tools. Second, --output_dir /tmp --output_file tmp0qzai2nu_clone.wav --speed 1.0 --nfe_step 32 --cross_fade_duration 0.15
2025-08-08 18:41:54,782 - config.config - INFO - Expected output path: /tmp/tmp0qzai2nu_clone.wav
2025-08-08 18:41:54,782 - config.config - INFO - Expected output duration: 66.60s
2025-08-08 18:42:06,318 - config.config - INFO - F5-TTS execution completed successfully
2025-08-08 18:42:06,319 - config.config - INFO - Generated audio - duration: 61.76 seconds
2025-08-08 18:42:06,319 - config.config - INFO - Generated audio - sample_rate: 24000Hz
2025-08-08 18:42:06,319 - config.config - INFO - Duration difference from expected: -4.85s
2025-08-08 18:42:06,377 - config.config - INFO - Successfully uploaded clone to MinIO: https://minio.dashlab.studio/presbotclone/688a3d35efb247c59bd5a5ea/clones/presentation_910516_a0b3568d-6b4e-4284-ad2e-b3b388877317.wav
2025-08-08 18:42:06,378 - config.config - INFO - Successfully stored clone metadata in database: 68967d3eef4bef710e7f6714
2025-08-08 18:42:06,379 - config.config - INFO - === CLONE REQUEST COMPLETED SUCCESSFULLY ===
2025-08-08 18:42:06,379 - config.config - INFO - Clone uploaded to MinIO: https://minio.dashlab.studio/presbotclone/688a3d35efb247c59bd5a5ea/clones/presentation_910516_a0b3568d-6b4e-4284-ad2e-b3b388877317.wav
2025-08-08 18:42:06,379 - config.config - INFO - Clone ID: 68967d3eef4bef710e7f6714
2025-08-08 19:05:05,796 - config.config - INFO - JWT payload decoded successfully: {'id': '6891001a7eed010843088096', 'email': 'patel.hetas@northeastern.edu', 'username': 'patel.hetas', 'name': 'Het Patel', 'service': 'presbot', 'purpose': 'external_service', 'iat': 1754694305, 'exp': 1754694605, 'aud': 'presbot', 'iss': 'dash-portal'}
2025-08-08 19:05:05,796 - config.config - INFO - User authenticated successfully: patel.hetas@northeastern.edu
2025-08-08 19:06:40,597 - config.config - INFO - Successfully uploaded original to MinIO: https://minio.dashlab.studio/presbotclone/6891001a7eed010843088096/originals/original_1754708800.wav
2025-08-08 19:06:40,598 - config.config - INFO - Successfully stored original metadata in database: 68968300ef4bef710e7f6715
2025-08-08 19:06:43,587 - faster_whisper - INFO - Processing audio with duration 00:06.420
2025-08-08 19:06:43,800 - faster_whisper - INFO - Detected language 'en' with probability 0.93
2025-08-08 20:45:38,733 - faster_whisper - INFO - Processing audio with duration 00:06.420
2025-08-08 20:45:38,808 - faster_whisper - INFO - Detected language 'en' with probability 0.93
2025-08-08 20:53:08,392 - config.config - INFO - === CLONE REQUEST STARTED ===
2025-08-08 20:53:08,545 - config.config - INFO - Original audio - duration: 6.42 seconds
2025-08-08 20:53:08,545 - config.config - INFO - Original audio - sample_rate: 48000Hz
2025-08-08 20:53:08,782 - config.config - INFO - Best 12s segment - duration: 6.42 seconds
2025-08-08 20:53:08,782 - config.config - INFO - Best 12s segment - energy: 39508075.00
2025-08-08 20:53:08,783 - config.config - INFO - Transcribing 12-second clipped audio with Whisper for reference text...
2025-08-08 20:53:08,853 - faster_whisper - INFO - Processing audio with duration 00:06.420
2025-08-08 20:53:08,926 - faster_whisper - INFO - Detected language 'en' with probability 0.93
2025-08-08 20:53:09,099 - config.config - INFO - Whisper transcription of 12s clip: ' Hi, this is PressPod. We are trying to figure out if this works, if this is any useful.'
2025-08-08 20:53:09,100 - config.config - INFO - Using 12s clip transcript for F5-TTS: ' Hi, this is PressPod. We are trying to figure out if this works, if this is any useful.'
2025-08-08 20:53:09,100 - config.config - INFO - Passing ref_text directly to F5-TTS: ' Hi, this is PressPod. We are trying to figure out if this works, if this is any useful.'
2025-08-08 20:53:09,100 - config.config - INFO - === F5-TTS COMMAND EXECUTION ===
2025-08-08 20:53:09,100 - config.config - INFO - Command: python3 src/f5_tts/infer/infer_cli.py --gen_text Hi, this is PressPod. We are trying to figure out if this works, if this is any useful. --ref_audio /tmp/tmpfyh5oina_ref.wav --ref_text  Hi, this is PressPod. We are trying to figure out if this works, if this is any useful. --output_dir /tmp --output_file tmp2hiww13v_clone.wav --speed 1.0 --nfe_step 32 --cross_fade_duration 0.15
2025-08-08 20:53:09,100 - config.config - INFO - Expected output path: /tmp/tmp2hiww13v_clone.wav
2025-08-08 20:53:09,100 - config.config - INFO - Expected output duration: 6.35s
2025-08-08 20:53:17,672 - config.config - INFO - F5-TTS execution completed successfully
2025-08-08 20:53:17,672 - config.config - INFO - Generated audio - duration: 5.31 seconds
2025-08-08 20:53:17,673 - config.config - INFO - Generated audio - sample_rate: 24000Hz
2025-08-08 20:53:17,673 - config.config - INFO - Duration difference from expected: -1.04s
2025-08-08 20:53:17,724 - config.config - INFO - Successfully uploaded clone to MinIO: https://minio.dashlab.studio/presbotclone/6891001a7eed010843088096/clones/p_16a1b5e1-eef1-45db-8ec4-177466567824.wav
2025-08-08 20:53:17,725 - config.config - INFO - Successfully stored clone metadata in database: 68969bfdef4bef710e7f6717
2025-08-08 20:53:17,725 - config.config - INFO - === CLONE REQUEST COMPLETED SUCCESSFULLY ===
2025-08-08 20:53:17,725 - config.config - INFO - Clone uploaded to MinIO: https://minio.dashlab.studio/presbotclone/6891001a7eed010843088096/clones/p_16a1b5e1-eef1-45db-8ec4-177466567824.wav
2025-08-08 20:53:17,725 - config.config - INFO - Clone ID: 68969bfdef4bef710e7f6717
2025-08-09 11:12:51,322 - config.config - INFO - JWT payload decoded successfully: {'id': '6891001a7eed010843088096', 'email': 'patel.hetas@northeastern.edu', 'username': 'patel.hetas', 'name': 'Het Patel', 'service': 'presbot', 'purpose': 'external_service', 'iat': 1754752371, 'exp': 1754752671, 'aud': 'presbot', 'iss': 'dash-portal'}
2025-08-09 11:12:51,323 - config.config - INFO - User authenticated successfully: patel.hetas@northeastern.edu
2025-08-09 11:17:23,218 - config.config - INFO - JWT payload decoded successfully: {'id': '6891001a7eed010843088096', 'email': 'patel.hetas@northeastern.edu', 'username': 'patel.hetas', 'name': 'Het Patel', 'service': 'presbot', 'purpose': 'external_service', 'iat': 1754752643, 'exp': 1754752943, 'aud': 'presbot', 'iss': 'dash-portal'}
2025-08-09 11:17:23,219 - config.config - INFO - User authenticated successfully: patel.hetas@northeastern.edu
2025-08-10 10:00:55,499 - config.config - INFO - JWT payload decoded successfully: {'id': '6891001a7eed010843088096', 'email': 'patel.hetas@northeastern.edu', 'username': 'patel.hetas', 'name': 'Het Patel', 'service': 'presbot', 'purpose': 'external_service', 'iat': 1754834455, 'exp': 1754834755, 'aud': 'presbot', 'iss': 'dash-portal'}
2025-08-10 10:00:55,500 - config.config - INFO - User authenticated successfully: patel.hetas@northeastern.edu
2025-08-10 11:04:31,998 - config.config - INFO - JWT payload decoded successfully: {'id': '6891001a7eed010843088096', 'email': 'patel.hetas@northeastern.edu', 'username': 'patel.hetas', 'name': 'Het Patel', 'service': 'presbot', 'purpose': 'external_service', 'iat': 1754838271, 'exp': 1754838571, 'aud': 'presbot', 'iss': 'dash-portal'}
2025-08-10 11:04:31,999 - config.config - INFO - User authenticated successfully: patel.hetas@northeastern.edu
2025-08-10 11:21:04,006 - config.config - INFO - JWT payload decoded successfully: {'id': '688ce4e3b232f19bc4c5ed74', 'email': 'c.chan@northeastern.edu', 'username': 'c.chan', 'name': 'Kwong Chan', 'service': 'presbot', 'purpose': 'external_service', 'iat': 1754839263, 'exp': 1754839563, 'aud': 'presbot', 'iss': 'dash-portal'}
2025-08-10 11:21:04,007 - config.config - INFO - User authenticated successfully: c.chan@northeastern.edu
2025-08-10 13:25:42,764 - config.config - INFO - JWT payload decoded successfully: {'id': '688a3d35efb247c59bd5a5ea', 'email': 'corriea.k@northeastern.edu', 'username': 'corriea.k', 'name': 'Kris Elias Corriea', 'service': 'presbot', 'purpose': 'external_service', 'iat': 1754846742, 'exp': 1754847042, 'aud': 'presbot', 'iss': 'dash-portal'}
2025-08-10 13:25:42,766 - config.config - INFO - User authenticated successfully: corriea.k@northeastern.edu
2025-08-10 23:28:33,153 - config.config - INFO - JWT payload decoded successfully: {'id': '6891001a7eed010843088096', 'email': 'patel.hetas@northeastern.edu', 'username': 'patel.hetas', 'name': 'Het Patel', 'service': 'presbot', 'purpose': 'external_service', 'iat': 1754882912, 'exp': 1754883212, 'aud': 'presbot', 'iss': 'dash-portal'}
2025-08-10 23:28:33,155 - config.config - INFO - User authenticated successfully: patel.hetas@northeastern.edu
2025-08-12 13:08:50,565 - config.config - INFO - JWT payload decoded successfully: {'id': '6891001a7eed010843088096', 'email': 'patel.hetas@northeastern.edu', 'username': 'patel.hetas', 'name': 'Het Patel', 'service': 'presbot', 'purpose': 'external_service', 'iat': 1755018530, 'exp': 1755018830, 'aud': 'presbot', 'iss': 'dash-portal'}
2025-08-12 13:08:50,570 - config.config - INFO - User authenticated successfully: patel.hetas@northeastern.edu
2025-08-12 13:08:54,214 - config.config - INFO - JWT payload decoded successfully: {'id': '6891001a7eed010843088096', 'email': 'patel.hetas@northeastern.edu', 'username': 'patel.hetas', 'name': 'Het Patel', 'service': 'presbot', 'purpose': 'external_service', 'iat': 1755018534, 'exp': 1755018834, 'aud': 'presbot', 'iss': 'dash-portal'}
2025-08-12 13:08:54,215 - config.config - INFO - User authenticated successfully: patel.hetas@northeastern.edu
2025-08-12 13:08:57,387 - config.config - INFO - JWT payload decoded successfully: {'id': '6891001a7eed010843088096', 'email': 'patel.hetas@northeastern.edu', 'username': 'patel.hetas', 'name': 'Het Patel', 'service': 'presbot', 'purpose': 'external_service', 'iat': 1755018537, 'exp': 1755018837, 'aud': 'presbot', 'iss': 'dash-portal'}
2025-08-12 13:08:57,389 - config.config - INFO - User authenticated successfully: patel.hetas@northeastern.edu
2025-08-12 13:09:07,004 - config.config - INFO - JWT payload decoded successfully: {'id': '6891001a7eed010843088096', 'email': 'patel.hetas@northeastern.edu', 'username': 'patel.hetas', 'name': 'Het Patel', 'service': 'presbot', 'purpose': 'external_service', 'iat': 1755018546, 'exp': 1755018846, 'aud': 'presbot', 'iss': 'dash-portal'}
2025-08-12 13:09:07,005 - config.config - INFO - User authenticated successfully: patel.hetas@northeastern.edu
2025-08-12 13:09:30,805 - config.config - INFO - JWT payload decoded successfully: {'id': '6891001a7eed010843088096', 'email': 'patel.hetas@northeastern.edu', 'username': 'patel.hetas', 'name': 'Het Patel', 'service': 'presbot', 'purpose': 'external_service', 'iat': 1755018570, 'exp': 1755018870, 'aud': 'presbot', 'iss': 'dash-portal'}
2025-08-12 13:09:30,806 - config.config - INFO - User authenticated successfully: patel.hetas@northeastern.edu
2025-08-12 13:12:03,772 - config.config - INFO - JWT payload decoded successfully: {'id': '6891001a7eed010843088096', 'email': 'patel.hetas@northeastern.edu', 'username': 'patel.hetas', 'name': 'Het Patel', 'service': 'presbot', 'purpose': 'external_service', 'iat': 1755018723, 'exp': 1755019023, 'aud': 'presbot', 'iss': 'dash-portal'}
2025-08-12 13:12:03,773 - config.config - INFO - User authenticated successfully: patel.hetas@northeastern.edu
2025-08-12 21:42:39,760 - config.config - INFO - JWT payload decoded successfully: {'id': '6891001a7eed010843088096', 'email': 'patel.hetas@northeastern.edu', 'username': 'patel.hetas', 'name': 'Het Patel', 'service': 'presbot', 'purpose': 'external_service', 'iat': 1755049359, 'exp': 1755049659, 'aud': 'presbot', 'iss': 'dash-portal'}
2025-08-12 21:42:39,761 - config.config - INFO - User authenticated successfully: patel.hetas@northeastern.edu
2025-08-12 21:52:50,097 - config.config - INFO - JWT payload decoded successfully: {'id': '68891d53d59f3bb5c8ff7fe4', 'email': 'ukkalam.n@northeastern.edu', 'username': 'ukkalam.n', 'name': 'Nidhi Ukkalam', 'service': 'presbot', 'purpose': 'external_service', 'iat': 1755049969, 'exp': 1755050269, 'aud': 'presbot', 'iss': 'dash-portal'}
2025-08-12 21:52:50,098 - config.config - INFO - User authenticated successfully: ukkalam.n@northeastern.edu
2025-08-13 10:32:56,922 - config.config - INFO - Successfully uploaded original to MinIO: https://minio.dashlab.studio/presbotclone/68891d53d59f3bb5c8ff7fe4/originals/original_1755109976.wav
2025-08-13 10:32:56,923 - config.config - INFO - Successfully stored original metadata in database: 689ca218a917a50a93abc050
2025-08-13 10:33:00,649 - faster_whisper - INFO - Processing audio with duration 01:06.900
2025-08-13 10:33:00,930 - faster_whisper - INFO - Detected language 'en' with probability 0.99
2025-08-13 10:35:51,761 - config.config - INFO - === CLONE REQUEST STARTED ===
2025-08-13 10:35:51,937 - config.config - INFO - Original audio - duration: 66.90 seconds
2025-08-13 10:35:51,937 - config.config - INFO - Original audio - sample_rate: 48000Hz
2025-08-13 10:35:53,510 - config.config - INFO - Best 12s segment - duration: 12.00 seconds
2025-08-13 10:35:53,511 - config.config - INFO - Best 12s segment - energy: 3797.00
2025-08-13 10:35:53,512 - config.config - INFO - Transcribing 12-second clipped audio with Whisper for reference text...
2025-08-13 10:35:53,595 - faster_whisper - INFO - Processing audio with duration 00:12.000
2025-08-13 10:35:53,673 - faster_whisper - INFO - Detected language 'en' with probability 0.96
2025-08-13 10:35:53,915 - config.config - INFO - Whisper transcription of 12s clip: ' My research project on the impact of artificial intelligence on modern healthcare system. My study examines three key areas. First, AI-powered diagnostic tools. Second,'
2025-08-13 10:35:53,915 - config.config - INFO - Using 12s clip transcript for F5-TTS: ' My research project on the impact of artificial intelligence on modern healthcare system. My study examines three key areas. First, AI-powered diagnostic tools. Second,'
2025-08-13 10:35:53,915 - config.config - INFO - Passing ref_text directly to F5-TTS: ' My research project on the impact of artificial intelligence on modern healthcare system. My study examines three key areas. First, AI-powered diagnostic tools. Second,'
2025-08-13 10:35:53,915 - config.config - INFO - === F5-TTS COMMAND EXECUTION ===
2025-08-13 10:35:53,915 - config.config - INFO - Command: python3 src/f5_tts/infer/infer_cli.py --gen_text Hello everyone. Today I will present to you, my research project on the impact of artificial intelligence on modern healthcare systems. My study exhibits three key areas. First, AI-powered diagnostic tools. Second, robotic surgery assistance. And the third, last one, personalized treatment plans. To conduct this research, I employed a mixed-methods approach. I analyzed data from the 50 hospitals implementing AI technologies. Second, I interviewed 30 healthcare professionals. And last, I reviewed 100 peer-reviewed articles on AI in healthcare. The results of my study indicate that AI-powered diagnostics improve accuracy by 37 percent. Robotic surgery reduces recovery time by an average of 2.5 days. And personalized treatment plans increase patient satisfaction by 42 percent. These findings suggest a significant positive impact of AI on healthcare outcomes. In conclusion, AI is transforming healthcare by offering improved efficiency, accuracy, and patient experiences. --ref_audio /tmp/tmpn15r22o__ref.wav --ref_text  My research project on the impact of artificial intelligence on modern healthcare system. My study examines three key areas. First, AI-powered diagnostic tools. Second, --output_dir /tmp --output_file tmp9gk4l45y_clone.wav --speed 1.0 --nfe_step 32 --cross_fade_duration 0.15
2025-08-13 10:35:53,915 - config.config - INFO - Expected output path: /tmp/tmp9gk4l45y_clone.wav
2025-08-13 10:35:53,915 - config.config - INFO - Expected output duration: 69.59s
2025-08-13 10:36:06,206 - config.config - INFO - F5-TTS execution completed successfully
2025-08-13 10:36:06,206 - config.config - INFO - Generated audio - duration: 64.59 seconds
2025-08-13 10:36:06,206 - config.config - INFO - Generated audio - sample_rate: 24000Hz
2025-08-13 10:36:06,207 - config.config - INFO - Duration difference from expected: -4.99s
2025-08-13 10:36:06,258 - config.config - INFO - Successfully uploaded clone to MinIO: https://minio.dashlab.studio/presbotclone/68891d53d59f3bb5c8ff7fe4/clones/test_66397942-f920-4c41-aee6-9ec1fae8212b.wav
2025-08-13 10:36:06,259 - config.config - INFO - Successfully stored clone metadata in database: 689ca2d6a917a50a93abc052
2025-08-13 10:36:06,260 - config.config - INFO - === CLONE REQUEST COMPLETED SUCCESSFULLY ===
2025-08-13 10:36:06,260 - config.config - INFO - Clone uploaded to MinIO: https://minio.dashlab.studio/presbotclone/68891d53d59f3bb5c8ff7fe4/clones/test_66397942-f920-4c41-aee6-9ec1fae8212b.wav
2025-08-13 10:36:06,260 - config.config - INFO - Clone ID: 689ca2d6a917a50a93abc052
2025-08-13 10:42:52,314 - config.config - INFO - === CLONE REQUEST STARTED ===
2025-08-13 10:42:52,520 - config.config - INFO - Original audio - duration: 66.90 seconds
2025-08-13 10:42:52,520 - config.config - INFO - Original audio - sample_rate: 48000Hz
2025-08-13 10:42:54,090 - config.config - INFO - Best 12s segment - duration: 12.00 seconds
2025-08-13 10:42:54,091 - config.config - INFO - Best 12s segment - energy: 3797.00
2025-08-13 10:42:54,092 - config.config - INFO - Transcribing 12-second clipped audio with Whisper for reference text...
2025-08-13 10:42:54,169 - faster_whisper - INFO - Processing audio with duration 00:12.000
2025-08-13 10:42:54,246 - faster_whisper - INFO - Detected language 'en' with probability 0.96
2025-08-13 10:42:54,487 - config.config - INFO - Whisper transcription of 12s clip: ' My research project on the impact of artificial intelligence on modern healthcare system. My study examines three key areas. First, AI-powered diagnostic tools. Second,'
2025-08-13 10:42:54,487 - config.config - INFO - Using 12s clip transcript for F5-TTS: ' My research project on the impact of artificial intelligence on modern healthcare system. My study examines three key areas. First, AI-powered diagnostic tools. Second,'
2025-08-13 10:42:54,488 - config.config - INFO - Passing ref_text directly to F5-TTS: ' My research project on the impact of artificial intelligence on modern healthcare system. My study examines three key areas. First, AI-powered diagnostic tools. Second,'
2025-08-13 10:42:54,488 - config.config - INFO - === F5-TTS COMMAND EXECUTION ===
2025-08-13 10:42:54,488 - config.config - INFO - Command: python3 src/f5_tts/infer/infer_cli.py --gen_text Hello everyone. Today I will present to you, my research project on the impact of artificial intelligence on modern healthcare systems. My study exhibits three key areas. First, AI-powered diagnostic tools. Second, robotic surgery assistance. And the third, last one, personalized treatment plans. To conduct this research, I employed a mixed-methods approach. I analyzed data from the 50 hospitals implementing AI technologies. Second, I interviewed 30 healthcare professionals. And last, I reviewed 100 peer-reviewed articles on AI in healthcare. The results of my study indicate that AI-powered diagnostics improve accuracy by 37 percent. Robotic surgery reduces recovery time by an average of 2.5 days. And personalized treatment plans increase patient satisfaction by 42 percent. These findings suggest a significant positive impact of AI on healthcare outcomes. In conclusion, AI is transforming healthcare by offering improved efficiency, accuracy, and patient experiences. --ref_audio /tmp/tmpxibl_ovp_ref.wav --ref_text  My research project on the impact of artificial intelligence on modern healthcare system. My study examines three key areas. First, AI-powered diagnostic tools. Second, --output_dir /tmp --output_file tmp41i8n34__clone.wav --speed 1.0 --nfe_step 32 --cross_fade_duration 0.15
2025-08-13 10:42:54,488 - config.config - INFO - Expected output path: /tmp/tmp41i8n34__clone.wav
2025-08-13 10:42:54,488 - config.config - INFO - Expected output duration: 69.59s
2025-08-13 10:43:06,541 - config.config - INFO - F5-TTS execution completed successfully
2025-08-13 10:43:06,542 - config.config - INFO - Generated audio - duration: 64.59 seconds
2025-08-13 10:43:06,542 - config.config - INFO - Generated audio - sample_rate: 24000Hz
2025-08-13 10:43:06,542 - config.config - INFO - Duration difference from expected: -4.99s
2025-08-13 10:43:06,601 - config.config - INFO - Successfully uploaded clone to MinIO: https://minio.dashlab.studio/presbotclone/68891d53d59f3bb5c8ff7fe4/clones/test2_withmanual_seed_843f85e2-16cd-4f3f-984f-1ef8af5a20bf.wav
2025-08-13 10:43:06,601 - config.config - INFO - Successfully stored clone metadata in database: 689ca47aa917a50a93abc053
2025-08-13 10:43:06,602 - config.config - INFO - === CLONE REQUEST COMPLETED SUCCESSFULLY ===
2025-08-13 10:43:06,603 - config.config - INFO - Clone uploaded to MinIO: https://minio.dashlab.studio/presbotclone/68891d53d59f3bb5c8ff7fe4/clones/test2_withmanual_seed_843f85e2-16cd-4f3f-984f-1ef8af5a20bf.wav
2025-08-13 10:43:06,603 - config.config - INFO - Clone ID: 689ca47aa917a50a93abc053
2025-08-13 14:36:36,920 - config.config - INFO - JWT payload decoded successfully: {'id': '6891001a7eed010843088096', 'email': 'patel.hetas@northeastern.edu', 'username': 'patel.hetas', 'name': 'Het Patel', 'service': 'presbot', 'purpose': 'external_service', 'iat': 1755110195, 'exp': 1755110495, 'aud': 'presbot', 'iss': 'dash-portal'}
2025-08-13 14:36:36,921 - config.config - INFO - User authenticated successfully: patel.hetas@northeastern.edu
2025-08-13 14:36:45,703 - config.config - INFO - JWT payload decoded successfully: {'id': '6891001a7eed010843088096', 'email': 'patel.hetas@northeastern.edu', 'username': 'patel.hetas', 'name': 'Het Patel', 'service': 'presbot', 'purpose': 'external_service', 'iat': 1755110205, 'exp': 1755110505, 'aud': 'presbot', 'iss': 'dash-portal'}
2025-08-13 14:36:45,704 - config.config - INFO - User authenticated successfully: patel.hetas@northeastern.edu
2025-08-13 14:39:37,369 - faster_whisper - INFO - Processing audio with duration 00:23.760
2025-08-13 14:39:37,450 - faster_whisper - INFO - Detected language 'en' with probability 1.00
2025-08-13 14:41:59,187 - config.config - INFO - === CLONE REQUEST STARTED ===
2025-08-13 14:41:59,323 - config.config - INFO - Original audio - duration: 23.76 seconds
2025-08-13 14:41:59,323 - config.config - INFO - Original audio - sample_rate: 48000Hz
2025-08-13 14:41:59,957 - config.config - INFO - Best 12s segment - duration: 12.00 seconds
2025-08-13 14:41:59,958 - config.config - INFO - Best 12s segment - energy: 137675024.00
2025-08-13 14:41:59,959 - config.config - INFO - Transcribing 12-second clipped audio with Whisper for reference text...
2025-08-13 14:42:00,041 - faster_whisper - INFO - Processing audio with duration 00:12.000
2025-08-13 14:42:00,123 - faster_whisper - INFO - Detected language 'en' with probability 1.00
2025-08-13 14:42:00,348 - config.config - INFO - Whisper transcription of 12s clip: ' A data scientist is a professional who analyzes data to extract meaningful insights and solve complex problems for organizations. They combine skills in statistics, programming,'
2025-08-13 14:42:00,348 - config.config - INFO - Using 12s clip transcript for F5-TTS: ' A data scientist is a professional who analyzes data to extract meaningful insights and solve complex problems for organizations. They combine skills in statistics, programming,'
2025-08-13 14:42:00,348 - config.config - INFO - Passing ref_text directly to F5-TTS: ' A data scientist is a professional who analyzes data to extract meaningful insights and solve complex problems for organizations. They combine skills in statistics, programming,'
2025-08-13 14:42:00,348 - config.config - INFO - === F5-TTS COMMAND EXECUTION ===
2025-08-13 14:42:00,348 - config.config - INFO - Command: python3 src/f5_tts/infer/infer_cli.py --gen_text A data scientist is a professional who analyzes data to extract meaningful insights and solve complex problems for organizations. They combine skills in statistics, programming, and domain expertise to turn raw data into actionable information. This involves understanding business needs, developing analytical models, and communicating findings to stakeholders.Southwest Airlines has leveraged a distinctive organizational culture combined with strategic HR practices to build a sustainable competitive advantage. The company focuses heavily on hiring for cultural fit, valuing teamwork, humor, and a 'servant-leader' mindset over traditional airline experience. This has led to a workforce that is willing to go the extra mile, from pilots helping clean planes to gate agents caring for customers’ pets. Operationally, this translates into quick aircraft turnarounds, lower staffing costs, and superior customer service. Metrics such as Southwest’s 81 employees per aircraft (vs. over 150 at competitors) and consistent Triple Crown service awards validate this strategy. Sustainability is a concern due to the company’s growth, but the senior leadership’s focus on preserving culture through training programs, peer-to-peer recognition, and transparent communication suggests they are actively managing this risk. United and Continental may mimic Southwest’s tactics, but without an authentic internal culture shift, replication will be difficult. --ref_audio /tmp/tmpwk2cial2_ref.wav --ref_text  A data scientist is a professional who analyzes data to extract meaningful insights and solve complex problems for organizations. They combine skills in statistics, programming, --output_dir /tmp --output_file tmplhdk3ptn_clone.wav --speed 1.0 --nfe_step 32 --cross_fade_duration 0.15
2025-08-13 14:42:00,348 - config.config - INFO - Expected output path: /tmp/tmplhdk3ptn_clone.wav
2025-08-13 14:42:00,349 - config.config - INFO - Expected output duration: 98.43s
2025-08-13 14:42:13,901 - config.config - INFO - F5-TTS execution completed successfully
2025-08-13 14:42:13,902 - config.config - INFO - Generated audio - duration: 93.51 seconds
2025-08-13 14:42:13,902 - config.config - INFO - Generated audio - sample_rate: 24000Hz
2025-08-13 14:42:13,902 - config.config - INFO - Duration difference from expected: -4.92s
2025-08-13 14:42:13,965 - config.config - INFO - Successfully uploaded clone to MinIO: https://minio.dashlab.studio/presbotclone/6891001a7eed010843088096/clones/sneh_audio_2_2cbcf045-7cae-4b7b-8d76-33a2fd57c8d5.wav
2025-08-13 14:42:13,966 - config.config - INFO - Successfully stored clone metadata in database: 689cdc85a917a50a93abc055
2025-08-13 14:42:13,967 - config.config - INFO - === CLONE REQUEST COMPLETED SUCCESSFULLY ===
2025-08-13 14:42:13,967 - config.config - INFO - Clone uploaded to MinIO: https://minio.dashlab.studio/presbotclone/6891001a7eed010843088096/clones/sneh_audio_2_2cbcf045-7cae-4b7b-8d76-33a2fd57c8d5.wav
2025-08-13 14:42:13,967 - config.config - INFO - Clone ID: 689cdc85a917a50a93abc055
2025-08-14 15:34:51,315 - config.config - INFO - JWT payload decoded successfully: {'id': '6891001a7eed010843088096', 'email': 'patel.hetas@northeastern.edu', 'username': 'patel.hetas', 'name': 'Het Patel', 'service': 'presbot', 'purpose': 'external_service', 'iat': 1755200090, 'exp': 1755200390, 'aud': 'presbot', 'iss': 'dash-portal'}
2025-08-14 15:34:51,351 - config.config - INFO - User authenticated successfully: patel.hetas@northeastern.edu
2025-08-18 11:09:10,999 - config.config - INFO - JWT payload decoded successfully: {'id': '6891001a7eed010843088096', 'email': 'patel.hetas@northeastern.edu', 'username': 'patel.hetas', 'name': 'Het Patel', 'service': 'presbot', 'purpose': 'external_service', 'iat': 1755529750, 'exp': 1755530050, 'aud': 'presbot', 'iss': 'dash-portal'}
2025-08-18 11:09:11,005 - config.config - INFO - User authenticated successfully: patel.hetas@northeastern.edu
2025-08-18 11:22:34,004 - config.config - INFO - Successfully uploaded original to MinIO: https://minio.dashlab.studio/presbotclone/6891001a7eed010843088096/originals/original_1755544953.wav
2025-08-18 11:22:34,005 - config.config - INFO - Successfully stored original metadata in database: 68a3453a714b7cd5a5e5042a
2025-08-18 11:23:25,084 - config.config - INFO - Successfully uploaded original to MinIO: https://minio.dashlab.studio/presbotclone/6891001a7eed010843088096/originals/original_1755545005.wav
2025-08-18 11:23:25,085 - config.config - INFO - Successfully stored original metadata in database: 68a3456d714b7cd5a5e5042b
2025-08-18 11:24:25,532 - faster_whisper - INFO - Processing audio with duration 01:08.779
2025-08-18 11:24:25,874 - faster_whisper - INFO - Detected language 'en' with probability 1.00
2025-08-19 11:49:50,784 - config.config - INFO - JWT payload decoded successfully: {'id': '68a48df994624c552939e6f5', 'email': 'trivedi.bh@northeastern.edu', 'username': 'trivedi.bh', 'name': 'Bhagya Trivedi', 'service': 'presbot', 'purpose': 'external_service', 'iat': 1755618590, 'exp': 1755618890, 'aud': 'presbot', 'iss': 'dash-portal'}
2025-08-19 11:49:50,785 - config.config - INFO - User authenticated successfully: trivedi.bh@northeastern.edu
2025-08-19 12:19:52,849 - config.config - INFO - JWT payload decoded successfully: {'id': '68a48df994624c552939e6f5', 'email': 'trivedi.bh@northeastern.edu', 'username': 'trivedi.bh', 'name': 'Bhagya Trivedi', 'service': 'presbot', 'purpose': 'external_service', 'iat': 1755620392, 'exp': 1755620692, 'aud': 'presbot', 'iss': 'dash-portal'}
2025-08-19 12:19:52,850 - config.config - INFO - User authenticated successfully: trivedi.bh@northeastern.edu
2025-08-19 12:39:37,062 - config.config - INFO - JWT payload decoded successfully: {'id': '68a48df994624c552939e6f5', 'email': 'trivedi.bh@northeastern.edu', 'username': 'trivedi.bh', 'name': 'Bhagya Trivedi', 'service': 'presbot', 'purpose': 'external_service', 'iat': 1755621576, 'exp': 1755621876, 'aud': 'presbot', 'iss': 'dash-portal'}
2025-08-19 12:39:37,063 - config.config - INFO - User authenticated successfully: trivedi.bh@northeastern.edu
2025-08-19 12:40:57,495 - config.config - INFO - Successfully uploaded original to MinIO: https://minio.dashlab.studio/presbotclone/68a48df994624c552939e6f5/originals/original_1755636057.wav
2025-08-19 12:40:57,496 - config.config - INFO - Successfully stored original metadata in database: 68a4a919714b7cd5a5e5042d
2025-08-19 12:41:22,652 - faster_whisper - INFO - Processing audio with duration 00:05.520
2025-08-19 12:41:22,730 - faster_whisper - INFO - Detected language 'en' with probability 0.95
2025-08-19 12:43:51,855 - config.config - INFO - === CLONE REQUEST STARTED ===
2025-08-19 12:43:51,999 - config.config - INFO - Original audio - duration: 5.52 seconds
2025-08-19 12:43:51,999 - config.config - INFO - Original audio - sample_rate: 48000Hz
2025-08-19 12:43:52,239 - config.config - INFO - Best 12s segment - duration: 5.52 seconds
2025-08-19 12:43:52,239 - config.config - INFO - Best 12s segment - energy: 186424499.00
2025-08-19 12:43:52,240 - config.config - INFO - Transcribing 12-second clipped audio with Whisper for reference text...
2025-08-19 12:43:52,312 - faster_whisper - INFO - Processing audio with duration 00:05.520
2025-08-19 12:43:52,404 - faster_whisper - INFO - Detected language 'en' with probability 0.95
2025-08-19 12:43:52,526 - config.config - INFO - Whisper transcription of 12s clip: ' Hi, I'm Bhagya. I'm studying in Northeastern.'
2025-08-19 12:43:52,526 - config.config - INFO - Using 12s clip transcript for F5-TTS: ' Hi, I'm Bhagya. I'm studying in Northeastern.'
2025-08-19 12:43:52,526 - config.config - INFO - Passing ref_text directly to F5-TTS: ' Hi, I'm Bhagya. I'm studying in Northeastern.'
2025-08-19 12:43:52,527 - config.config - INFO - === F5-TTS COMMAND EXECUTION ===
2025-08-19 12:43:52,527 - config.config - INFO - Command: python3 src/f5_tts/infer/infer_cli.py --gen_text Hi, I'm Bhagya. I'm studying in Northeastern. I'm here today to talk about my experience with the Northeastern community. I've been studying here for a while now, and I have to say that it's been an incredible journey so far. One of the things that I appreciate the most about Northeastern is the sense of community. From the moment I stepped onto campus, I felt like I was part of something special. The students, the faculty, the staff - everyone is so supportive and welcoming. I've had the opportunity to get involved in various extracurricular activities, which has not only helped me develop new skills but also allowed me to meet like-minded people. For instance, I'm part of the Northeastern University Student Government Association, which has given me a platform to make a difference in the community. I've also had the chance to attend various workshops and seminars, which have helped me develop my professional skills. In addition to academics, Northeastern offers a wide range of resources to help students succeed. From the Career Development Center to the Writing Center, there are so many opportunities to get support and guidance. I've also had the opportunity to work with professors who are experts in their fields, which has been incredibly enriching. Overall, I'm so grateful to be a part of the Northeastern community, and I would highly recommend it to anyone who is considering studying here. Thank you. --ref_audio /tmp/tmp5cpo0tft_ref.wav --ref_text  Hi, I'm Bhagya. I'm studying in Northeastern. --output_dir /tmp --output_file tmp7k00vnyz_clone.wav --speed 1.0 --nfe_step 32 --cross_fade_duration 0.15
2025-08-19 12:43:52,527 - config.config - INFO - Expected output path: /tmp/tmp7k00vnyz_clone.wav
2025-08-19 12:43:52,527 - config.config - INFO - Expected output duration: 171.36s
2025-08-19 12:44:08,476 - config.config - INFO - F5-TTS execution completed successfully
2025-08-19 12:44:08,478 - config.config - INFO - Generated audio - duration: 161.35 seconds
2025-08-19 12:44:08,478 - config.config - INFO - Generated audio - sample_rate: 24000Hz
2025-08-19 12:44:08,478 - config.config - INFO - Duration difference from expected: -10.01s
2025-08-19 12:44:08,586 - config.config - INFO - Successfully uploaded clone to MinIO: https://minio.dashlab.studio/presbotclone/68a48df994624c552939e6f5/clones/bhagya_clone1_79b3cfb2-a8bd-4f42-86ae-46f9e35da73e.wav
2025-08-19 12:44:08,587 - config.config - INFO - Successfully stored clone metadata in database: 68a4a9d8714b7cd5a5e5042f
2025-08-19 12:44:08,588 - config.config - INFO - === CLONE REQUEST COMPLETED SUCCESSFULLY ===
2025-08-19 12:44:08,588 - config.config - INFO - Clone uploaded to MinIO: https://minio.dashlab.studio/presbotclone/68a48df994624c552939e6f5/clones/bhagya_clone1_79b3cfb2-a8bd-4f42-86ae-46f9e35da73e.wav
2025-08-19 12:44:08,588 - config.config - INFO - Clone ID: 68a4a9d8714b7cd5a5e5042f
2025-08-20 10:57:11,249 - config.config - INFO - JWT payload decoded successfully: {'id': '68a4998857e9ea9997b0c769', 'email': 'anand.amri@northeastern.edu', 'username': 'anand.amri', 'name': 'Amritesh Anand', 'service': 'presbot', 'purpose': 'external_service', 'iat': 1755701829, 'exp': 1755702129, 'aud': 'presbot', 'iss': 'dash-portal'}
2025-08-20 10:57:11,250 - config.config - INFO - User authenticated successfully: anand.amri@northeastern.edu
2025-08-20 12:04:58,649 - config.config - INFO - JWT payload decoded successfully: {'id': '68a5f1f4f8e000bc23da3f7b', 'email': 'sharma.vani1@northeastern.edu', 'username': 'sharma.vani1', 'name': 'Vani Shatrma ', 'service': 'presbot', 'purpose': 'external_service', 'iat': 1755705896, 'exp': 1755706196, 'aud': 'presbot', 'iss': 'dash-portal'}
2025-08-20 12:04:58,649 - config.config - INFO - User authenticated successfully: sharma.vani1@northeastern.edu
2025-08-20 12:06:49,184 - config.config - INFO - JWT payload decoded successfully: {'id': '68a5f1f4f8e000bc23da3f7b', 'email': 'sharma.vani1@northeastern.edu', 'username': 'sharma.vani1', 'name': 'Vani Shatrma ', 'service': 'presbot', 'purpose': 'external_service', 'iat': 1755706009, 'exp': 1755706309, 'aud': 'presbot', 'iss': 'dash-portal'}
2025-08-20 12:06:49,185 - config.config - INFO - User authenticated successfully: sharma.vani1@northeastern.edu
2025-08-20 12:07:25,596 - config.config - INFO - Successfully uploaded original to MinIO: https://minio.dashlab.studio/presbotclone/68a5f1f4f8e000bc23da3f7b/originals/original_1755720445.wav
2025-08-20 12:07:25,596 - config.config - INFO - Successfully stored original metadata in database: 68a5f2bd714b7cd5a5e50430
2025-08-20 12:08:02,450 - faster_whisper - INFO - Processing audio with duration 03:36.640
2025-08-20 12:08:02,644 - faster_whisper - INFO - Detected language 'en' with probability 0.99
2025-08-20 12:09:06,998 - faster_whisper - INFO - Processing audio with duration 03:36.640
2025-08-20 12:09:07,403 - faster_whisper - INFO - Detected language 'en' with probability 0.99
2025-08-20 12:10:29,971 - faster_whisper - INFO - Processing audio with duration 03:36.640
2025-08-20 12:10:30,268 - faster_whisper - INFO - Detected language 'en' with probability 0.99
2025-08-20 12:10:59,361 - faster_whisper - INFO - Processing audio with duration 03:36.640
2025-08-20 12:10:59,580 - faster_whisper - INFO - Detected language 'en' with probability 0.99
2025-08-20 12:18:43,800 - faster_whisper - INFO - Processing audio with duration 03:36.640
2025-08-20 12:18:44,081 - faster_whisper - INFO - Detected language 'en' with probability 0.99
2025-08-20 12:22:11,627 - config.config - INFO - Successfully uploaded original to MinIO: https://minio.dashlab.studio/presbotclone/68a5f1f4f8e000bc23da3f7b/originals/original_1755721331.wav
2025-08-20 12:22:11,628 - config.config - INFO - Successfully stored original metadata in database: 68a5f633714b7cd5a5e50432
2025-08-20 12:22:15,598 - faster_whisper - INFO - Processing audio with duration 01:08.779
2025-08-20 12:22:15,723 - faster_whisper - INFO - Detected language 'en' with probability 1.00
2025-08-20 13:09:57,551 - config.config - INFO - Successfully uploaded original to MinIO: https://minio.dashlab.studio/presbotclone/68a5f1f4f8e000bc23da3f7b/originals/original_1755724197.wav
2025-08-20 13:09:57,552 - config.config - INFO - Successfully stored original metadata in database: 68a60165714b7cd5a5e50434
2025-08-24 02:37:39,405 - config.config - INFO - JWT payload decoded successfully: {'id': '68aab249d4c10747bae26ebf', 'email': 'patel.hetas@northeastern.edu', 'username': 'patel.hetas', 'name': 'Het Patel', 'service': 'presbot', 'purpose': 'external_service', 'iat': 1756017458, 'exp': 1756017758, 'aud': 'presbot', 'iss': 'dash-portal'}
2025-08-24 02:37:39,411 - config.config - INFO - User authenticated successfully: patel.hetas@northeastern.edu
2025-08-25 15:16:25,942 - config.config - INFO - JWT payload decoded successfully: {'id': '68aab249d4c10747bae26ebf', 'email': 'patel.hetas@northeastern.edu', 'username': 'patel.hetas', 'name': 'Het Patel', 'service': 'presbot', 'purpose': 'external_service', 'iat': 1756149385, 'exp': 1756149685, 'aud': 'presbot', 'iss': 'dash-portal'}
2025-08-25 15:16:25,947 - config.config - INFO - User authenticated successfully: patel.hetas@northeastern.edu
2025-08-25 15:25:18,998 - config.config - INFO - JWT payload decoded successfully: {'id': '68aab249d4c10747bae26ebf', 'email': 'patel.hetas@northeastern.edu', 'username': 'patel.hetas', 'name': 'Het Patel', 'service': 'presbot', 'purpose': 'external_service', 'iat': 1756149918, 'exp': 1756150218, 'aud': 'presbot', 'iss': 'dash-portal'}
2025-08-25 15:25:18,999 - config.config - INFO - User authenticated successfully: patel.hetas@northeastern.edu
2025-08-25 19:08:36,912 - config.config - INFO - JWT payload decoded successfully: {'id': '68a5f1f4f8e000bc23da3f7b', 'email': 'sharma.vani1@northeastern.edu', 'username': 'sharma.vani1', 'name': 'Vani Shatrma ', 'service': 'presbot', 'purpose': 'external_service', 'iat': 1756163316, 'exp': 1756163616, 'aud': 'presbot', 'iss': 'dash-portal'}
2025-08-25 19:08:36,913 - config.config - INFO - User authenticated successfully: sharma.vani1@northeastern.edu
2025-08-25 19:10:40,467 - config.config - INFO - JWT payload decoded successfully: {'id': '68a5f1f4f8e000bc23da3f7b', 'email': 'sharma.vani1@northeastern.edu', 'username': 'sharma.vani1', 'name': 'Vani Shatrma ', 'service': 'presbot', 'purpose': 'external_service', 'iat': 1756163440, 'exp': 1756163740, 'aud': 'presbot', 'iss': 'dash-portal'}
2025-08-25 19:10:40,468 - config.config - INFO - User authenticated successfully: sharma.vani1@northeastern.edu
2025-08-25 19:11:23,830 - config.config - INFO - JWT payload decoded successfully: {'id': '68a5f5c5f8e000bc23da3f8c', 'email': 'c.chan@northeastern.edu', 'username': 'c.chan', 'name': 'Kwong Chan', 'service': 'presbot', 'purpose': 'external_service', 'iat': 1756163483, 'exp': 1756163783, 'aud': 'presbot', 'iss': 'dash-portal'}
2025-08-25 19:11:23,831 - config.config - INFO - User authenticated successfully: c.chan@northeastern.edu
2025-08-26 07:41:34,544 - config.config - INFO - JWT payload decoded successfully: {'id': '68a5f5c5f8e000bc23da3f8c', 'email': 'c.chan@northeastern.edu', 'username': 'c.chan', 'name': 'Kwong Chan', 'service': 'presbot', 'purpose': 'external_service', 'iat': 1756208494, 'exp': 1756208794, 'aud': 'presbot', 'iss': 'dash-portal'}
2025-08-26 07:41:34,549 - config.config - INFO - User authenticated successfully: c.chan@northeastern.edu
2025-08-26 11:44:56,599 - config.config - INFO - JWT payload decoded successfully: {'id': '68a5f5c5f8e000bc23da3f8c', 'email': 'c.chan@northeastern.edu', 'username': 'c.chan', 'name': 'Kwong Chan', 'service': 'presbot', 'purpose': 'external_service', 'iat': 1756223096, 'exp': 1756223396, 'aud': 'presbot', 'iss': 'dash-portal'}
2025-08-26 11:44:56,600 - config.config - INFO - User authenticated successfully: c.chan@northeastern.edu
2025-08-26 13:13:33,679 - config.config - INFO - JWT payload decoded successfully: {'id': '68a5f5c5f8e000bc23da3f8c', 'email': 'c.chan@northeastern.edu', 'username': 'c.chan', 'name': 'Kwong Chan', 'service': 'presbot', 'purpose': 'external_service', 'iat': 1756228413, 'exp': 1756228713, 'aud': 'presbot', 'iss': 'dash-portal'}
2025-08-26 13:13:33,680 - config.config - INFO - User authenticated successfully: c.chan@northeastern.edu
2025-08-27 13:00:23,985 - config.config - INFO - JWT payload decoded successfully: {'id': '68a5f5c5f8e000bc23da3f8c', 'email': 'c.chan@northeastern.edu', 'username': 'c.chan', 'name': 'Kwong Chan', 'service': 'presbot', 'purpose': 'external_service', 'iat': 1756314023, 'exp': 1756314323, 'aud': 'presbot', 'iss': 'dash-portal'}
2025-08-27 13:00:23,991 - config.config - INFO - User authenticated successfully: c.chan@northeastern.edu
2025-08-27 13:00:38,571 - config.config - INFO - JWT payload decoded successfully: {'id': '68a5f5c5f8e000bc23da3f8c', 'email': 'c.chan@northeastern.edu', 'username': 'c.chan', 'name': 'Kwong Chan', 'service': 'presbot', 'purpose': 'external_service', 'iat': 1756314038, 'exp': 1756314338, 'aud': 'presbot', 'iss': 'dash-portal'}
2025-08-27 13:00:38,572 - config.config - INFO - User authenticated successfully: c.chan@northeastern.edu
2025-08-27 13:00:46,124 - config.config - INFO - JWT payload decoded successfully: {'id': '68a5f5c5f8e000bc23da3f8c', 'email': 'c.chan@northeastern.edu', 'username': 'c.chan', 'name': 'Kwong Chan', 'service': 'presbot', 'purpose': 'external_service', 'iat': 1756314046, 'exp': 1756314346, 'aud': 'presbot', 'iss': 'dash-portal'}
2025-08-27 13:00:46,125 - config.config - INFO - User authenticated successfully: c.chan@northeastern.edu
2025-08-27 13:01:00,930 - config.config - INFO - JWT payload decoded successfully: {'id': '68a5f5c5f8e000bc23da3f8c', 'email': 'c.chan@northeastern.edu', 'username': 'c.chan', 'name': 'Kwong Chan', 'service': 'presbot', 'purpose': 'external_service', 'iat': 1756314060, 'exp': 1756314360, 'aud': 'presbot', 'iss': 'dash-portal'}
2025-08-27 13:01:00,931 - config.config - INFO - User authenticated successfully: c.chan@northeastern.edu
2025-08-27 13:01:08,978 - config.config - INFO - JWT payload decoded successfully: {'id': '68a5f5c5f8e000bc23da3f8c', 'email': 'c.chan@northeastern.edu', 'username': 'c.chan', 'name': 'Kwong Chan', 'service': 'presbot', 'purpose': 'external_service', 'iat': 1756314068, 'exp': 1756314368, 'aud': 'presbot', 'iss': 'dash-portal'}
2025-08-27 13:01:08,979 - config.config - INFO - User authenticated successfully: c.chan@northeastern.edu
2025-08-27 13:01:23,661 - config.config - INFO - JWT payload decoded successfully: {'id': '68a3dff594624c552939e6e4', 'email': 'd.ghose@northeastern.edu', 'username': 'd.ghose', 'name': 'Debashish Ghose', 'service': 'presbot', 'purpose': 'external_service', 'iat': 1756314083, 'exp': 1756314383, 'aud': 'presbot', 'iss': 'dash-portal'}
2025-08-27 13:01:23,662 - config.config - INFO - User authenticated successfully: d.ghose@northeastern.edu
2025-08-27 13:03:16,869 - config.config - INFO - JWT payload decoded successfully: {'id': '68aab249d4c10747bae26ebf', 'email': 'patel.hetas@northeastern.edu', 'username': 'patel.hetas', 'name': 'Het Patel', 'service': 'presbot', 'purpose': 'external_service', 'iat': 1756314194, 'exp': 1756314494, 'aud': 'presbot', 'iss': 'dash-portal'}
2025-08-27 13:03:16,870 - config.config - INFO - User authenticated successfully: patel.hetas@northeastern.edu
2025-08-27 13:03:30,276 - faster_whisper - INFO - Processing audio with duration 00:12.153
2025-08-27 13:03:30,625 - faster_whisper - INFO - Detected language 'en' with probability 0.98
2025-08-27 13:03:48,960 - config.config - INFO - Successfully uploaded original to MinIO: https://minio.dashlab.studio/presbotclone/68a5f1f4f8e000bc23da3f7b/originals/original_1756328628.wav
2025-08-27 13:03:48,960 - config.config - INFO - Successfully stored original metadata in database: 68af3a7455ef4877a9e49780
2025-08-27 13:06:21,919 - faster_whisper - INFO - Processing audio with duration 04:03.264
2025-08-27 13:06:22,138 - faster_whisper - INFO - Detected language 'en' with probability 1.00
2025-08-27 13:09:02,266 - config.config - INFO - JWT payload decoded successfully: {'id': '68a5f5c5f8e000bc23da3f8c', 'email': 'c.chan@northeastern.edu', 'username': 'c.chan', 'name': 'Kwong Chan', 'service': 'presbot', 'purpose': 'external_service', 'iat': 1756314542, 'exp': 1756314842, 'aud': 'presbot', 'iss': 'dash-portal'}
2025-08-27 13:09:02,267 - config.config - INFO - User authenticated successfully: c.chan@northeastern.edu
2025-08-27 13:09:14,577 - faster_whisper - INFO - Processing audio with duration 00:33.964
2025-08-27 13:09:14,661 - faster_whisper - INFO - Detected language 'en' with probability 0.97
2025-08-27 13:09:35,560 - faster_whisper - INFO - Processing audio with duration 04:03.264
2025-08-27 13:09:35,759 - faster_whisper - INFO - Detected language 'en' with probability 1.00
2025-08-27 13:10:05,139 - config.config - INFO - JWT payload decoded successfully: {'id': '68a3dff594624c552939e6e4', 'email': 'd.ghose@northeastern.edu', 'username': 'd.ghose', 'name': 'Debashish Ghose', 'service': 'presbot', 'purpose': 'external_service', 'iat': 1756314586, 'exp': 1756314886, 'aud': 'presbot', 'iss': 'dash-portal'}
2025-08-27 13:10:05,140 - config.config - INFO - User authenticated successfully: d.ghose@northeastern.edu
2025-08-27 13:10:29,774 - config.config - INFO - Successfully uploaded original to MinIO: https://minio.dashlab.studio/presbotclone/68a5f5c5f8e000bc23da3f8c/originals/original_1756329029.wav
2025-08-27 13:10:29,774 - config.config - INFO - Successfully stored original metadata in database: 68af3c0555ef4877a9e49783
2025-08-27 13:10:49,192 - faster_whisper - INFO - Processing audio with duration 00:25.740
2025-08-27 13:10:49,286 - faster_whisper - INFO - Detected language 'en' with probability 0.99
2025-08-27 13:13:05,131 - config.config - INFO - === CLONE REQUEST STARTED ===
2025-08-27 13:13:05,284 - config.config - INFO - Original audio - duration: 25.74 seconds
2025-08-27 13:13:05,284 - config.config - INFO - Original audio - sample_rate: 48000Hz
2025-08-27 13:13:05,980 - config.config - INFO - Best 12s segment - duration: 12.00 seconds
2025-08-27 13:13:05,980 - config.config - INFO - Best 12s segment - energy: 165112897.00
2025-08-27 13:13:05,982 - config.config - INFO - Transcribing 12-second clipped audio with Whisper for reference text...
2025-08-27 13:13:06,061 - faster_whisper - INFO - Processing audio with duration 00:12.000
2025-08-27 13:13:06,143 - faster_whisper - INFO - Detected language 'en' with probability 0.99
2025-08-27 13:13:06,417 - config.config - INFO - Whisper transcription of 12s clip: ' It is far too hard to test new products and ideas. Every company, every university wants to know if the new idea will work. The global network has campuses across'
2025-08-27 13:13:06,417 - config.config - INFO - Using 12s clip transcript for F5-TTS: ' It is far too hard to test new products and ideas. Every company, every university wants to know if the new idea will work. The global network has campuses across'
2025-08-27 13:13:06,417 - config.config - INFO - Passing ref_text directly to F5-TTS: ' It is far too hard to test new products and ideas. Every company, every university wants to know if the new idea will work. The global network has campuses across'
2025-08-27 13:13:06,417 - config.config - INFO - === F5-TTS COMMAND EXECUTION ===
2025-08-27 13:13:06,417 - config.config - INFO - Command: python3 src/f5_tts/infer/infer_cli.py --gen_text It is far too hard to test new products and ideas. Every company, every university wants to know if the new idea will work. The global network has campuses across 11 locations, 25 cultures. We can provide the fastest, most comprehensive way to test new products and new ideas at the lowest cost. $5 million for 5%. --ref_audio /tmp/tmpt7idy76c_ref.wav --ref_text  It is far too hard to test new products and ideas. Every company, every university wants to know if the new idea will work. The global network has campuses across --output_dir /tmp --output_file tmp4ko94uyz_clone.wav --speed 1.0 --nfe_step 32 --cross_fade_duration 0.15
2025-08-27 13:13:06,417 - config.config - INFO - Expected output path: /tmp/tmp4ko94uyz_clone.wav
2025-08-27 13:13:06,417 - config.config - INFO - Expected output duration: 23.12s
2025-08-27 13:13:17,824 - config.config - INFO - F5-TTS execution completed successfully
2025-08-27 13:13:17,824 - config.config - INFO - Generated audio - duration: 22.25 seconds
2025-08-27 13:13:17,824 - config.config - INFO - Generated audio - sample_rate: 24000Hz
2025-08-27 13:13:17,824 - config.config - INFO - Duration difference from expected: -0.87s
2025-08-27 13:13:17,869 - config.config - INFO - Successfully uploaded clone to MinIO: https://minio.dashlab.studio/presbotclone/68a5f5c5f8e000bc23da3f8c/clones/firstclone_3530e0de-d6e6-4bd3-a62a-459a21e65247.wav
2025-08-27 13:13:17,870 - config.config - INFO - Successfully stored clone metadata in database: 68af3cad55ef4877a9e49785
2025-08-27 13:13:17,870 - config.config - INFO - === CLONE REQUEST COMPLETED SUCCESSFULLY ===
2025-08-27 13:13:17,870 - config.config - INFO - Clone uploaded to MinIO: https://minio.dashlab.studio/presbotclone/68a5f5c5f8e000bc23da3f8c/clones/firstclone_3530e0de-d6e6-4bd3-a62a-459a21e65247.wav
2025-08-27 13:13:17,870 - config.config - INFO - Clone ID: 68af3cad55ef4877a9e49785
2025-08-27 13:14:29,479 - config.config - INFO - === CLONE REQUEST STARTED ===
2025-08-27 13:14:29,623 - config.config - INFO - Original audio - duration: 25.74 seconds
2025-08-27 13:14:29,624 - config.config - INFO - Original audio - sample_rate: 48000Hz
2025-08-27 13:14:30,321 - config.config - INFO - Best 12s segment - duration: 12.00 seconds
2025-08-27 13:14:30,322 - config.config - INFO - Best 12s segment - energy: 165112897.00
2025-08-27 13:14:30,324 - config.config - INFO - Transcribing 12-second clipped audio with Whisper for reference text...
2025-08-27 13:14:30,402 - faster_whisper - INFO - Processing audio with duration 00:12.000
2025-08-27 13:14:30,485 - faster_whisper - INFO - Detected language 'en' with probability 0.99
2025-08-27 13:14:30,762 - config.config - INFO - Whisper transcription of 12s clip: ' It is far too hard to test new products and ideas. Every company, every university wants to know if the new idea will work. The global network has campuses across'
2025-08-27 13:14:30,763 - config.config - INFO - Using 12s clip transcript for F5-TTS: ' It is far too hard to test new products and ideas. Every company, every university wants to know if the new idea will work. The global network has campuses across'
2025-08-27 13:14:30,763 - config.config - INFO - Passing ref_text directly to F5-TTS: ' It is far too hard to test new products and ideas. Every company, every university wants to know if the new idea will work. The global network has campuses across'
2025-08-27 13:14:30,763 - config.config - INFO - === F5-TTS COMMAND EXECUTION ===
2025-08-27 13:14:30,763 - config.config - INFO - Command: python3 src/f5_tts/infer/infer_cli.py --gen_text It is far too hard to test new products and ideas. Every company, every university wants to know if the new idea will work. The global network has campuses across 11 locations, 25 cultures. We can provide the fastest, most comprehensive way to test new products and new ideas at the lowest cost. $5 million for 5%. --ref_audio /tmp/tmpo93ikmi8_ref.wav --ref_text  It is far too hard to test new products and ideas. Every company, every university wants to know if the new idea will work. The global network has campuses across --output_dir /tmp --output_file tmpzqrbkmd7_clone.wav --speed 1.0 --nfe_step 48 --cross_fade_duration 0.05
2025-08-27 13:14:30,763 - config.config - INFO - Expected output path: /tmp/tmpzqrbkmd7_clone.wav
2025-08-27 13:14:30,763 - config.config - INFO - Expected output duration: 23.12s
2025-08-27 13:14:40,447 - config.config - INFO - F5-TTS execution completed successfully
2025-08-27 13:14:40,447 - config.config - INFO - Generated audio - duration: 22.45 seconds
2025-08-27 13:14:40,447 - config.config - INFO - Generated audio - sample_rate: 24000Hz
2025-08-27 13:14:40,447 - config.config - INFO - Duration difference from expected: -0.67s
2025-08-27 13:14:40,509 - config.config - INFO - Successfully uploaded clone to MinIO: https://minio.dashlab.studio/presbotclone/68a5f5c5f8e000bc23da3f8c/clones/2firstclone_01c20f23-9e77-49bf-a24a-c5202ef9b830.wav
2025-08-27 13:14:40,510 - config.config - INFO - Successfully stored clone metadata in database: 68af3d0055ef4877a9e49786
2025-08-27 13:14:40,511 - config.config - INFO - === CLONE REQUEST COMPLETED SUCCESSFULLY ===
2025-08-27 13:14:40,511 - config.config - INFO - Clone uploaded to MinIO: https://minio.dashlab.studio/presbotclone/68a5f5c5f8e000bc23da3f8c/clones/2firstclone_01c20f23-9e77-49bf-a24a-c5202ef9b830.wav
2025-08-27 13:14:40,511 - config.config - INFO - Clone ID: 68af3d0055ef4877a9e49786
2025-08-27 13:14:58,313 - config.config - INFO - JWT payload decoded successfully: {'id': '68a48df994624c552939e6f5', 'email': 'trivedi.bh@northeastern.edu', 'username': 'trivedi.bh', 'name': 'Bhagya Trivedi', 'service': 'presbot', 'purpose': 'external_service', 'iat': 1756314897, 'exp': 1756315197, 'aud': 'presbot', 'iss': 'dash-portal'}
2025-08-27 13:14:58,315 - config.config - INFO - User authenticated successfully: trivedi.bh@northeastern.edu
2025-08-27 13:15:59,777 - config.config - INFO - === CLONE REQUEST STARTED ===
2025-08-27 13:15:59,916 - config.config - INFO - Original audio - duration: 25.74 seconds
2025-08-27 13:15:59,916 - config.config - INFO - Original audio - sample_rate: 48000Hz
2025-08-27 13:16:00,603 - config.config - INFO - Best 12s segment - duration: 12.00 seconds
2025-08-27 13:16:00,604 - config.config - INFO - Best 12s segment - energy: 165112897.00
2025-08-27 13:16:00,606 - config.config - INFO - Transcribing 12-second clipped audio with Whisper for reference text...
2025-08-27 13:16:00,679 - faster_whisper - INFO - Processing audio with duration 00:12.000
2025-08-27 13:16:00,754 - faster_whisper - INFO - Detected language 'en' with probability 0.99
2025-08-27 13:16:01,030 - config.config - INFO - Whisper transcription of 12s clip: ' It is far too hard to test new products and ideas. Every company, every university wants to know if the new idea will work. The global network has campuses across'
2025-08-27 13:16:01,030 - config.config - INFO - Using 12s clip transcript for F5-TTS: ' It is far too hard to test new products and ideas. Every company, every university wants to know if the new idea will work. The global network has campuses across'
2025-08-27 13:16:01,030 - config.config - INFO - Passing ref_text directly to F5-TTS: ' It is far too hard to test new products and ideas. Every company, every university wants to know if the new idea will work. The global network has campuses across'
2025-08-27 13:16:01,030 - config.config - INFO - === F5-TTS COMMAND EXECUTION ===
2025-08-27 13:16:01,030 - config.config - INFO - Command: python3 src/f5_tts/infer/infer_cli.py --gen_text It is far too hard to test new products and ideas. Every company, every university wants to know if the new idea will work. The global network has campuses across 11 locations, 25 cultures. We can provide the fastest, most comprehensive way to test new products and new ideas at the lowest cost. $5 million for 5%. It is far too hard to test new products and ideas. Every company, every university wants to know if the new idea will work. The global network has campuses across 11 locations, 25 cultures. We can provide the fastest, most comprehensive way to test new products and new ideas at the lowest cost. $5 million for 5%. --ref_audio /tmp/tmpq9jlyyuq_ref.wav --ref_text  It is far too hard to test new products and ideas. Every company, every university wants to know if the new idea will work. The global network has campuses across --output_dir /tmp --output_file tmpgxtea9va_clone.wav --speed 1.0 --nfe_step 48 --cross_fade_duration 0.05
2025-08-27 13:16:01,030 - config.config - INFO - Expected output path: /tmp/tmpgxtea9va_clone.wav
2025-08-27 13:16:01,030 - config.config - INFO - Expected output duration: 46.31s
2025-08-27 13:16:12,729 - config.config - INFO - F5-TTS execution completed successfully
2025-08-27 13:16:12,729 - config.config - INFO - Generated audio - duration: 44.85 seconds
2025-08-27 13:16:12,729 - config.config - INFO - Generated audio - sample_rate: 24000Hz
2025-08-27 13:16:12,730 - config.config - INFO - Duration difference from expected: -1.46s
2025-08-27 13:16:12,773 - config.config - INFO - Successfully uploaded clone to MinIO: https://minio.dashlab.studio/presbotclone/68a5f5c5f8e000bc23da3f8c/clones/long1firstclone_50f502ff-043e-406d-b9a5-f81e9cba6eb1.wav
2025-08-27 13:16:12,774 - config.config - INFO - Successfully stored clone metadata in database: 68af3d5c55ef4877a9e49787
2025-08-27 13:16:12,774 - config.config - INFO - === CLONE REQUEST COMPLETED SUCCESSFULLY ===
2025-08-27 13:16:12,774 - config.config - INFO - Clone uploaded to MinIO: https://minio.dashlab.studio/presbotclone/68a5f5c5f8e000bc23da3f8c/clones/long1firstclone_50f502ff-043e-406d-b9a5-f81e9cba6eb1.wav
2025-08-27 13:16:12,774 - config.config - INFO - Clone ID: 68af3d5c55ef4877a9e49787
2025-08-27 13:42:14,246 - config.config - INFO - JWT payload decoded successfully: {'id': '68a5f5c5f8e000bc23da3f8c', 'email': 'c.chan@northeastern.edu', 'username': 'c.chan', 'name': 'Kwong Chan', 'service': 'presbot', 'purpose': 'external_service', 'iat': 1756316534, 'exp': 1756316834, 'aud': 'presbot', 'iss': 'dash-portal'}
2025-08-27 13:42:14,247 - config.config - INFO - User authenticated successfully: c.chan@northeastern.edu
2025-08-27 15:29:37,116 - config.config - INFO - JWT payload decoded successfully: {'id': '68a5f5c5f8e000bc23da3f8c', 'email': 'c.chan@northeastern.edu', 'username': 'c.chan', 'name': 'Kwong Chan', 'service': 'presbot', 'purpose': 'external_service', 'iat': 1756322977, 'exp': 1756323277, 'aud': 'presbot', 'iss': 'dash-portal'}
2025-08-27 15:29:37,117 - config.config - INFO - User authenticated successfully: c.chan@northeastern.edu
2025-08-27 15:30:28,915 - config.config - INFO - Successfully uploaded original to MinIO: https://minio.dashlab.studio/presbotclone/68a5f5c5f8e000bc23da3f8c/originals/original_1756337428.wav
2025-08-27 15:30:28,915 - config.config - INFO - Successfully stored original metadata in database: 68af5cd455ef4877a9e49788
2025-08-27 15:30:31,054 - faster_whisper - INFO - Processing audio with duration 00:14.100
2025-08-27 15:30:31,132 - faster_whisper - INFO - Detected language 'en' with probability 0.99
2025-08-27 15:31:13,402 - config.config - INFO - === CLONE REQUEST STARTED ===
2025-08-27 15:31:13,537 - config.config - INFO - Original audio - duration: 14.10 seconds
2025-08-27 15:31:13,537 - config.config - INFO - Original audio - sample_rate: 48000Hz
2025-08-27 15:31:13,995 - config.config - INFO - Best 12s segment - duration: 12.00 seconds
2025-08-27 15:31:13,996 - config.config - INFO - Best 12s segment - energy: 143100718.00
2025-08-27 15:31:13,997 - config.config - INFO - Transcribing 12-second clipped audio with Whisper for reference text...
2025-08-27 15:31:14,073 - faster_whisper - INFO - Processing audio with duration 00:12.000
2025-08-27 15:31:14,151 - faster_whisper - INFO - Detected language 'en' with probability 0.98
2025-08-27 15:31:14,360 - config.config - INFO - Whisper transcription of 12s clip: ' with higher quality. The way to do it is to fire tenured faculty and hire more part-time instructors. I'm seeking a million dollars'
2025-08-27 15:31:14,361 - config.config - INFO - Using 12s clip transcript for F5-TTS: ' with higher quality. The way to do it is to fire tenured faculty and hire more part-time instructors. I'm seeking a million dollars'
2025-08-27 15:31:14,361 - config.config - INFO - Passing ref_text directly to F5-TTS: ' with higher quality. The way to do it is to fire tenured faculty and hire more part-time instructors. I'm seeking a million dollars'
2025-08-27 15:31:14,361 - config.config - INFO - === F5-TTS COMMAND EXECUTION ===
2025-08-27 15:31:14,361 - config.config - INFO - Command: python3 src/f5_tts/infer/infer_cli.py --gen_text First of all, I need to acquire a business with higher quality. The way to do it is to fire tenured faculty and hire more part-time instructors. I'm seeking a million dollars for 1% of my company. --ref_audio /tmp/tmp0ycpy92g_ref.wav --ref_text  with higher quality. The way to do it is to fire tenured faculty and hire more part-time instructors. I'm seeking a million dollars --output_dir /tmp --output_file tmpnj72gnr7_clone.wav --speed 1.0 --nfe_step 20 --cross_fade_duration 0.15
2025-08-27 15:31:14,361 - config.config - INFO - Expected output path: /tmp/tmpnj72gnr7_clone.wav
2025-08-27 15:31:14,361 - config.config - INFO - Expected output duration: 17.82s
2025-08-27 15:31:22,347 - config.config - INFO - F5-TTS execution completed successfully
2025-08-27 15:31:22,347 - config.config - INFO - Generated audio - duration: 15.90 seconds
2025-08-27 15:31:22,347 - config.config - INFO - Generated audio - sample_rate: 24000Hz
2025-08-27 15:31:22,347 - config.config - INFO - Duration difference from expected: -1.92s
2025-08-27 15:31:22,373 - config.config - INFO - Successfully uploaded clone to MinIO: https://minio.dashlab.studio/presbotclone/68a5f5c5f8e000bc23da3f8c/clones/test1_18097445-c6b8-44e9-9588-5debcac71425.wav
2025-08-27 15:31:22,374 - config.config - INFO - Successfully stored clone metadata in database: 68af5d0a55ef4877a9e4978a
2025-08-27 15:31:22,374 - config.config - INFO - === CLONE REQUEST COMPLETED SUCCESSFULLY ===
2025-08-27 15:31:22,374 - config.config - INFO - Clone uploaded to MinIO: https://minio.dashlab.studio/presbotclone/68a5f5c5f8e000bc23da3f8c/clones/test1_18097445-c6b8-44e9-9588-5debcac71425.wav
2025-08-27 15:31:22,374 - config.config - INFO - Clone ID: 68af5d0a55ef4877a9e4978a
